aX,aY,aZ,gX,gY,gZ
0.172,-0.672,2.084,32.593,93.323,120.300
0.149,-0.763,2.048,18.433,65.186,115.662
0.048,-0.795,1.946,8.911,34.912,105.774
-0.061,-0.819,1.839,9.521,4.150,91.858
-0.100,-0.833,1.760,18.372,-19.653,73.853
-0.184,-0.761,1.705,28.564,-39.246,52.185
-0.181,-0.739,1.615,35.706,-54.077,33.997
-0.200,-0.694,1.493,39.856,-67.932,17.761
-0.252,-0.644,1.375,39.917,-80.811,4.272
-0.289,-0.568,1.248,34.790,-88.684,-7.263
-0.328,-0.484,1.104,28.870,-94.482,-21.912
-0.377,-0.395,0.999,29.053,-99.976,-38.391
-0.388,-0.330,0.913,36.438,-104.187,-55.054
-0.379,-0.273,0.882,50.781,-103.210,-70.435
-0.343,-0.201,0.823,65.674,-98.755,-80.200
-0.407,-0.173,0.883,78.308,-90.515,-84.717
-0.369,-0.115,0.931,80.994,-83.984,-86.426
-0.353,-0.094,0.999,78.979,-79.956,-83.435
-0.424,-0.028,0.952,73.853,-76.111,-80.811
-0.413,-0.038,0.969,65.308,-67.139,-73.608
-0.451,-0.034,0.983,54.749,-62.134,-64.514
-0.484,-0.031,0.938,42.786,-56.396,-58.472
-0.474,-0.026,0.909,32.043,-48.096,-56.824
-0.452,-0.008,0.901,27.344,-39.795,-57.861
-0.429,0.011,0.904,26.794,-32.166,-59.570
-0.397,0.041,0.938,29.968,-23.621,-61.707
-0.338,0.069,0.992,33.386,-16.357,-61.829
-0.302,0.116,0.997,33.447,-14.465,-58.228
-0.246,0.170,0.987,28.503,-14.038,-52.063
-0.214,0.242,0.929,21.057,-14.832,-45.471
-0.188,0.316,0.870,13.123,-14.771,-38.086
-0.141,0.375,0.822,6.958,-14.160,-29.602
-0.137,0.421,0.765,3.723,-12.695,-21.362
-0.136,0.458,0.715,2.747,-11.780,-13.550
-0.112,0.478,0.651,2.686,-11.536,-4.822
-0.109,0.475,0.578,4.822,-13.672,2.869
-0.107,0.454,0.514,8.545,-16.174,10.864
-0.095,0.429,0.468,11.169,-17.883,17.883
-0.104,0.426,0.423,11.292,-18.494,21.912
-0.120,0.448,0.371,8.484,-17.944,22.949
-0.128,0.480,0.302,6.409,-18.860,23.071
-0.152,0.508,0.217,6.775,-23.437,24.841
-0.186,0.511,0.105,7.141,-29.358,28.381
-0.262,0.494,0.007,5.798,-35.522,31.982
-0.243,0.479,-0.115,3.357,-38.818,31.982
-0.182,0.468,-0.199,-1.221,-36.499,32.227
-0.155,0.468,-0.248,-4.028,-24.902,36.072
-0.147,0.460,-0.302,-3.235,-5.920,41.138
-0.040,0.370,-0.194,-2.930,22.522,51.453
-0.015,0.308,-0.109,-1.404,48.645,59.448
-0.007,0.214,0.054,-1.038,78.613,65.063
0.009,0.099,0.271,-2.502,105.652,69.214
0.012,0.028,0.464,-5.676,124.695,67.932
0.022,-0.010,0.657,-8.667,136.353,64.087
0.020,-0.052,0.855,-10.071,138.794,58.899
0.000,-0.070,0.980,-13.916,132.690,52.551
0.037,-0.095,1.044,-21.912,122.009,46.021
0.071,-0.071,1.080,-31.311,110.718,39.673
0.064,-0.032,1.061,-40.649,100.830,38.208
0.055,-0.052,1.065,-42.480,96.130,41.992
0.077,-0.149,1.193,-33.203,101.990,46.143
0.063,-0.277,1.426,-19.836,114.990,47.729
0.081,-0.382,1.675,-8.179,125.366,45.654
0.059,-0.437,1.827,0.977,127.014,40.833
0.053,-0.537,1.973,6.592,121.704,37.842
0.048,-0.654,2.059,7.690,107.178,34.485
0.022,-0.724,2.122,6.714,83.496,28.992
-0.016,-0.751,2.139,6.409,53.650,24.902
-0.088,-0.782,2.083,6.226,23.193,20.203
-0.154,-0.813,1.989,4.944,-3.235,14.709
-0.191,-0.829,1.904,4.944,-20.508,9.277
-0.230,-0.817,1.823,8.118,-29.419,4.517
-0.266,-0.781,1.716,11.536,-35.828,0.183
-0.310,-0.756,1.589,13.306,-45.105,-2.441
-0.333,-0.718,1.495,15.442,-55.725,-6.042
-0.358,-0.677,1.394,19.958,-65.918,-10.864
-0.389,-0.633,1.263,23.376,-72.876,-16.113
-0.417,-0.588,1.140,25.879,-75.562,-20.813
-0.417,-0.537,1.060,27.161,-74.646,-25.696
-0.410,-0.495,0.987,29.541,-72.144,-31.250
-0.409,-0.457,0.924,30.884,-68.787,-37.048
-0.394,-0.441,0.924,31.982,-62.866,-43.640
-0.383,-0.400,0.947,32.410,-55.420,-51.331
-0.344,-0.343,0.940,31.738,-49.255,-57.800
-0.316,-0.291,0.919,31.860,-46.204,-61.584
-0.295,-0.256,0.888,29.846,-45.776,-62.012
-0.279,-0.231,0.825,25.146,-45.410,-59.937
-0.273,-0.189,0.740,18.677,-42.114,-57.007
-0.270,-0.134,0.671,14.038,-34.607,-54.871
-0.262,-0.073,0.627,14.221,-22.217,-54.504
-0.170,-0.060,0.684,18.616,-8.484,-54.810
-0.214,0.053,0.615,24.902,-0.244,-55.969
-0.162,0.040,0.621,32.288,11.658,-49.683
-0.134,0.058,0.666,35.645,15.198,-42.297
-0.120,0.067,0.671,34.363,19.470,-35.889
-0.116,0.105,0.635,27.039,23.071,-32.471
-0.083,0.145,0.608,17.761,24.536,-30.945
-0.083,0.205,0.560,9.583,22.461,-28.442
-0.109,0.290,0.505,3.052,19.043,-25.146
-0.111,0.354,0.458,0.305,14.893,-22.949
-0.101,0.395,0.425,2.380,11.353,-22.156
-0.080,0.415,0.392,5.554,8.545,-20.203
-0.096,0.426,0.347,6.287,4.517,-15.625
-0.097,0.436,0.318,3.113,5.066,-9.094
-0.080,0.451,0.309,-1.282,10.681,-1.709
-0.076,0.454,0.323,-4.333,18.311,6.470
-0.056,0.451,0.377,-5.005,28.259,15.381
-0.034,0.430,0.457,-3.357,38.696,25.818
-0.029,0.380,0.562,-2.136,47.363,37.109
-0.028,0.306,0.681,-3.906,53.650,46.448
-0.056,0.216,0.787,-8.423,57.312,53.040
-0.031,0.164,0.859,-14.343,59.204,57.739
-0.075,0.136,0.879,-18.127,54.382,58.716
-0.071,0.106,0.898,-18.127,48.523,55.359
-0.037,0.075,0.960,-12.451,44.922,53.528
-0.010,0.019,1.052,-4.944,43.030,54.138
-0.005,-0.082,1.174,2.319,44.189,57.068
-0.007,-0.230,1.347,7.324,46.875,61.401
-0.037,-0.384,1.504,9.827,47.180,64.392

-0.166,-0.881,1.744,10.193,3.662,36.011
-0.217,-0.934,1.768,13.489,0.427,28.503
-0.235,-0.961,1.738,12.878,-3.418,20.630
-0.230,-0.991,1.675,11.108,-13.184,11.902
-0.278,-0.963,1.588,8.545,-29.053,2.441
-0.340,-0.926,1.457,6.836,-44.800,-5.981
-0.366,-0.906,1.335,7.568,-55.664,-15.747
-0.397,-0.845,1.201,8.118,-62.805,-26.550
-0.390,-0.779,1.075,9.338,-66.956,-37.109
-0.380,-0.695,0.981,12.024,-67.078,-47.363
-0.354,-0.603,0.897,15.015,-63.599,-56.458
-0.337,-0.517,0.845,17.517,-57.983,-63.599
-0.322,-0.424,0.818,17.456,-50.720,-67.749
-0.292,-0.322,0.774,13.733,-41.260,-68.420
-0.263,-0.235,0.727,8.728,-31.616,-66.040
-0.250,-0.162,0.691,2.930,-21.851,-61.279
-0.232,-0.102,0.677,-1.892,-11.475,-56.152
-0.216,-0.061,0.715,-4.333,-0.061,-51.270
-0.209,-0.037,0.761,-4.150,10.803,-47.241
-0.142,-0.048,0.851,-3.113,17.090,-45.471
-0.216,0.010,0.851,-2.808,14.099,-48.096
-0.172,0.023,0.837,-1.221,13.184,-49.072
-0.126,0.072,0.818,0.366,5.676,-51.392
-0.111,0.120,0.787,2.136,0.977,-53.345
-0.065,0.164,0.760,2.380,0.671,-54.749
-0.012,0.243,0.723,-0.732,0.488,-56.641
-0.013,0.352,0.646,-5.615,-0.244,-57.007
-0.021,0.460,0.560,-9.827,0.122,-51.575
-0.021,0.544,0.481,-9.094,1.038,-43.030
-0.020,0.577,0.418,-4.822,1.587,-32.166
-0.015,0.581,0.368,-1.221,3.906,-19.104
-0.017,0.582,0.336,1.099,8.667,-6.836
0.016,0.555,0.329,2.014,15.503,4.089
0.026,0.550,0.332,2.258,22.583,16.724
0.038,0.533,0.375,3.174,30.701,29.419
0.064,0.502,0.422,2.686,40.344,42.053
0.071,0.467,0.487,3.479,48.523,53.833
0.036,0.423,0.560,7.019,56.274,65.002
0.093,0.328,0.693,10.681,64.636,75.806
0.088,0.224,0.813,13.123,65.186,83.252
0.051,0.087,0.933,13.794,65.857,87.769
0.015,-0.062,1.060,13.428,62.683,90.332
-0.018,-0.166,1.117,11.597,54.077,86.914
-0.008,-0.221,1.134,11.963,44.800,78.796
0.030,-0.288,1.179,18.860,36.987,71.594
0.041,-0.394,1.261,29.724,29.175,67.627
0.022,-0.530,1.378,38.818,22.217,67.566
-0.028,-0.676,1.508,40.771,17.517,69.031
-0.053,-0.810,1.558,33.569,16.846,68.787
-0.082,-0.947,1.571,26.184,17.517,66.101
-0.158,-1.046,1.594,18.921,17.212,58.899
-0.206,-1.092,1.608,8.728,10.498,50.537
-0.236,-1.146,1.575,0.488,-0.061,38.513
-0.302,-1.134,1.507,-5.005,-8.667,22.949
-0.318,-1.118,1.402,-7.507,-13.306,7.141
-0.328,-1.067,1.328,-10.376,-19.104,-7.507
-0.349,-1.005,1.227,-12.146,-29.480,-22.156
-0.372,-0.936,1.125,-11.719,-40.161,-37.109
-0.384,-0.857,1.041,-10.193,-47.180,-52.612
-0.380,-0.764,0.974,-8.057,-50.232,-66.772
-0.373,-0.652,0.913,-6.836,-50.781,-78.308
-0.356,-0.547,0.861,-6.958,-49.377,-87.219
-0.343,-0.449,0.833,-8.057,-45.898,-93.933
-0.330,-0.347,0.777,-9.888,-41.016,-98.267
-0.313,-0.252,0.753,-12.390,-34.485,-97.839
-0.291,-0.158,0.727,-14.771,-27.466,-95.886
-0.275,-0.064,0.706,-15.503,-19.287,-91.919
-0.262,0.004,0.694,-13.367,-10.742,-84.412
-0.251,0.033,0.722,-9.583,-3.540,-73.364
-0.245,0.002,0.781,-5.371,2.319,-60.730
-0.276,-0.041,0.837,-2.319,7.751,-50.476
-0.289,-0.064,0.853,-1.160,11.597,-44.312
-0.278,-0.077,0.881,-0.427,13.062,-42.664
-0.252,-0.078,0.906,-0.732,14.404,-44.067
-0.231,-0.057,0.937,-1.892,16.541,-46.570
-0.198,-0.019,0.943,-4.150,17.090,-48.462
-0.167,0.024,0.927,-6.531,15.015,-49.438
-0.136,0.077,0.903,-8.118,12.878,-49.805
-0.091,0.139,0.866,-9.094,12.207,-49.561
-0.021,0.209,0.842,-8.972,11.963,-49.072
0.015,0.309,0.799,-8.484,12.512,-48.889
0.055,0.414,0.757,-8.057,13.184,-46.997
0.093,0.512,0.726,-6.775,13.245,-41.077
0.105,0.582,0.692,-4.700,13.489,-31.311
0.123,0.617,0.663,-0.977,14.038,-17.517
0.122,0.607,0.636,4.578,13.306,-0.061
0.113,0.550,0.626,11.047,11.841,20.203
0.099,0.443,0.640,16.479,12.329,40.100
0.067,0.354,0.646,17.822,15.869,56.335
0.044,0.283,0.648,16.663,21.118,68.054
0.021,0.224,0.650,15.869,25.269,75.806
-0.006,0.202,0.631,14.893,29.419,80.811
0.013,0.146,0.688,15.198,36.194,85.205
0.027,0.075,0.769,19.897,41.443,86.548
0.013,-0.013,0.884,28.564,47.424,87.036
0.010,-0.085,0.981,38.147,49.011,87.891
0.018,-0.168,1.069,46.814,45.166,89.722
0.017,-0.295,1.165,54.626,38.940,91.125
-0.050,-0.499,1.325,59.875,32.715,93.018
-0.068,-0.648,1.439,56.396,26.794,91.248
-0.128,-0.761,1.472,44.617,22.522,83.557
-0.142,-0.811,1.435,32.471,16.235,71.289
-0.182,-0.828,1.414,26.489,9.277,56.274
-0.219,-0.854,1.443,24.109,0.061,42.236
-0.215,-0.877,1.447,21.667,-12.817,30.640
-0.233,-0.917,1.414,20.569,-21.729,21.179
-0.270,-0.935,1.360,16.846,-23.315,14.099
-0.307,-0.933,1.293,8.667,-24.292,8.118
-0.339,-0.934,1.216,1.343,-28.809,1.648
-0.361,-0.911,1.132,-4.211,-34.790,-6.531
-0.381,-0.868,1.047,-7.446,-40.771,-18.127
-0.390,-0.790,0.944,-8.972,-44.800,-31.311
-0.378,-0.708,0.872,-8.911,-47.607,-41.870
-0.367,-0.627,0.823,-6.836,-51.880,-51.453
-0.332,-0.524,0.749,-5.615,-52.917,-60.730
-0.297,-0.426,0.701,-5.554,-51.147,-66.956
-0.256,-0.329,0.659,-6.470,-47.302,-70.190
-0.241,-0.216,0.620,-8.606,-41.199,-71.899
-0.203,-0.105,0.584,-13.000,-32.776,-72.083

0.307,-0.718,1.926,56.763,137.878,-7.324
0.249,-0.688,1.833,5.066,81.543,-6.653
0.304,-0.717,1.556,-58.044,4.700,-0.122
0.455,-0.893,1.096,-114.075,-73.792,14.404
0.547,-1.025,0.640,-149.292,-130.798,28.259
0.585,-1.125,0.301,-145.081,-154.724,34.729
0.529,-1.213,0.030,-109.802,-144.165,32.776
0.392,-1.134,-0.125,-66.528,-106.323,25.208
0.346,-0.968,-0.136,-32.837,-54.749,12.146
0.320,-0.799,-0.005,-20.203,-5.920,-2.380
0.315,-0.667,0.220,-20.752,31.006,-11.658
0.424,-0.609,0.532,-22.644,52.063,-14.587
0.243,-0.545,0.606,-31.616,53.528,-3.235
0.165,-0.664,0.768,-27.344,42.969,5.493
0.270,-0.669,0.911,-32.898,29.053,8.667
0.307,-0.643,0.821,-62.256,7.629,15.076
0.230,-0.628,0.791,-90.698,-10.193,13.489
0.242,-0.391,0.430,-113.770,-24.048,15.503
0.264,-0.602,0.836,-128.540,-25.024,38.452
0.061,-0.824,0.757,-126.953,-23.193,32.654
0.138,-0.792,0.739,-143.799,-30.396,10.620
0.288,-0.711,0.563,-152.649,-34.790,-1.404
0.249,-0.758,0.494,-133.728,-22.949,-1.892
0.193,-0.819,0.475,-89.355,-1.526,-2.502
0.171,-0.813,0.493,-37.292,22.095,-4.578
0.151,-0.733,0.520,2.197,42.664,-6.104
0.151,-0.618,0.592,21.729,57.556,-11.047
0.119,-0.498,0.655,20.020,65.002,-15.991
0.111,-0.406,0.754,8.606,67.017,-20.325
0.134,-0.340,0.845,-7.812,62.073,-20.569
0.112,-0.322,0.882,-24.231,52.063,-16.418
0.127,-0.336,0.945,-37.720,41.565,-11.536
0.173,-0.382,1.034,-57.983,26.978,-4.150
0.197,-0.394,1.054,-87.036,7.080,6.653
0.196,-0.384,1.023,-109.436,-10.681,17.334
0.215,-0.378,0.998,-113.403,-20.386,23.437
0.228,-0.356,0.955,-106.812,-24.231,26.611
0.244,-0.320,0.952,-92.834,-22.522,28.564
0.229,-0.338,0.946,-73.914,-16.846,31.128
0.214,-0.391,0.930,-59.448,-15.076,35.950
0.245,-0.430,0.946,-54.260,-20.142,40.405
0.289,-0.465,0.949,-57.312,-26.733,42.969
0.306,-0.483,0.940,-62.927,-31.433,43.823
0.315,-0.479,0.929,-66.589,-33.142,41.870
0.296,-0.430,0.899,-67.200,-33.508,37.964
0.266,-0.381,0.880,-62.622,-31.982,35.217
0.225,-0.379,0.893,-57.251,-28.625,38.025
0.222,-0.458,0.924,-63.660,-28.625,45.288
0.181,-0.539,0.901,-86.548,-37.354,50.293
0.187,-0.599,0.886,-113.220,-47.180,50.293
0.197,-0.602,0.894,-133.789,-55.786,45.593
0.258,-0.512,0.890,-143.982,-60.181,37.720
0.249,-0.474,0.849,-139.221,-57.678,24.475
0.227,-0.338,0.883,-123.291,-47.241,10.437
0.270,-0.308,0.726,-95.215,-35.706,-1.892
0.247,-0.151,0.775,-70.679,-35.278,-6.958
0.176,0.047,0.842,-45.288,-38.208,-7.751
0.106,0.157,0.777,-9.155,-31.311,-4.395
0.060,0.174,0.836,27.649,-22.217,6.897
0.079,0.121,0.981,61.157,-10.254,23.743
0.047,0.042,1.020,86.121,-0.732,35.645
0.033,-0.064,1.031,94.849,5.676,42.358
0.066,-0.154,1.050,93.323,6.165,45.410
0.113,-0.208,1.010,88.318,3.357,43.640
0.167,-0.270,0.963,86.853,0.732,35.645
0.208,-0.267,0.955,91.003,0.305,23.987
0.251,-0.228,0.984,88.684,-0.366,15.869
0.238,-0.240,0.971,70.740,-3.357,10.681
0.157,-0.303,0.926,45.349,-8.362,11.047
0.110,-0.417,0.900,25.208,-13.550,21.057
0.098,-0.476,0.926,10.559,-17.029,30.212
0.111,-0.516,0.968,-1.465,-17.212,32.410
0.116,-0.564,0.930,-10.254,-13.000,26.733
0.136,-0.574,0.921,-15.625,-10.498,17.151
0.158,-0.537,0.950,-15.930,-11.902,6.897
0.142,-0.492,0.892,-10.376,-16.174,-3.235
0.124,-0.370,0.814,0.244,-22.400,-12.695
0.100,-0.295,0.783,10.742,-28.381,-19.348
0.050,-0.230,0.738,13.428,-33.936,-20.874
0.021,-0.225,0.688,19.653,-34.058,-15.259
0.021,-0.240,0.714,28.748,-29.663,-6.165
0.071,-0.321,0.719,29.236,-26.550,1.953
0.084,-0.319,0.893,16.785,-31.311,8.789
0.093,-0.303,0.991,10.803,-30.701,10.376
0.145,-0.228,0.977,4.456,-30.945,8.606
0.229,-0.204,1.005,-6.226,-34.424,3.601
0.144,-0.070,0.894,-17.273,-39.001,3.052
0.066,-0.083,0.846,-28.015,-42.786,0.854
0.009,-0.114,0.790,-37.231,-44.250,-1.282
-0.039,-0.195,0.692,-42.908,-43.091,-1.282
-0.066,-0.175,0.776,-44.128,-40.894,0.061
-0.028,-0.210,0.829,-29.114,-32.043,-0.427
0.052,-0.213,0.943,-8.789,-20.020,-2.319
0.135,-0.267,0.927,9.399,-10.071,-5.310
0.152,-0.219,0.964,20.264,-9.033,-8.911
0.112,-0.172,0.936,30.579,-12.268,-12.146
0.024,-0.131,0.875,44.495,-16.418,-15.808
-0.027,-0.139,0.884,53.894,-23.376,-19.348
-0.060,-0.165,0.853,50.049,-28.809,-21.240
-0.030,-0.159,0.803,39.612,-30.151,-20.447
-0.047,-0.175,0.824,29.114,-30.762,-17.090
-0.060,-0.168,0.851,19.104,-26.733,-14.282
-0.031,-0.197,0.854,13.550,-18.616,-14.160
-0.017,-0.210,0.849,9.827,-13.977,-14.099
-0.025,-0.224,0.842,5.127,-15.198,-13.367
-0.045,-0.263,0.843,-1.831,-17.517,-13.550
-0.039,-0.356,0.847,-10.376,-17.700,-13.123
-0.085,-0.407,0.849,-22.522,-15.686,-13.794
-0.125,-0.451,0.849,-33.020,-11.841,-18.555
-0.169,-0.493,0.874,-38.086,-7.019,-26.672
-0.229,-0.510,0.949,-38.879,-5.005,-35.278
-0.231,-0.510,0.990,-38.147,-5.676,-43.213
-0.199,-0.487,1.046,-39.063,-9.338,-49.194
-0.210,-0.411,1.060,-42.175,-15.015,-52.612
-0.301,-0.334,1.107,-42.786,-18.494,-55.664
-0.372,-0.321,1.128,-37.048,-22.949,-55.969
-0.399,-0.302,1.149,-35.950,-31.555,-50.537
-0.386,-0.287,1.179,-42.053,-39.124,-43.823
-0.375,-0.284,1.137,-49.500,-42.480,-39.795

2.142,-0.131,0.927,-54.932,191.040,6.653
2.042,-0.173,1.481,-37.170,237.793,-32.532
1.761,-0.146,2.038,-4.150,268.494,-93.201
1.349,0.052,2.413,22.827,267.395,-164.001
0.825,0.436,2.538,37.537,226.318,-228.455
0.219,0.897,2.340,44.800,155.823,-254.211
-0.355,1.096,1.885,65.125,80.261,-226.990
-0.610,0.994,1.460,94.116,6.958,-153.320
-0.447,0.746,1.084,93.201,-53.955,-55.237
-0.047,0.422,0.664,53.650,-99.792,37.964
0.321,0.008,0.299,-2.380,-125.610,99.976
0.515,-0.398,0.096,-51.025,-125.610,125.122
0.590,-0.756,0.114,-76.904,-98.328,124.756
0.585,-1.032,0.244,-75.195,-55.786,108.887
0.556,-1.169,0.396,-53.467,-16.541,81.177
0.523,-1.131,0.493,-24.902,11.047,45.105
0.462,-0.969,0.554,-0.854,27.344,7.385
0.375,-0.767,0.605,11.658,36.133,-21.790
0.314,-0.574,0.730,13.306,43.335,-39.124
0.272,-0.402,0.876,11.353,48.889,-45.532
0.228,-0.250,0.999,10.864,48.218,-45.166
0.174,-0.176,1.071,9.644,38.940,-40.344
0.116,-0.166,1.083,4.822,20.752,-31.189
0.107,-0.210,1.020,-4.578,-1.770,-17.639
0.128,-0.289,0.924,-16.174,-23.132,-1.038
0.214,-0.333,0.825,-23.865,-33.691,14.954
0.252,-0.343,0.775,-24.475,-38.574,23.315
0.239,-0.359,0.753,-22.278,-41.443,24.292
0.229,-0.336,0.742,-21.179,-39.185,21.851
0.191,-0.304,0.696,-19.653,-31.311,20.020
0.159,-0.297,0.646,-15.015,-19.409,21.606
0.149,-0.309,0.636,-9.949,-10.010,25.330
0.155,-0.317,0.651,-5.676,-4.883,28.015
0.165,-0.273,0.682,-3.418,-1.953,27.161
0.168,-0.215,0.719,-2.380,0.488,22.156
0.160,-0.130,0.754,-2.502,3.174,14.771
0.170,-0.019,0.797,-3.235,5.615,8.179
0.187,0.055,0.866,-2.075,7.263,4.028
0.131,0.013,0.929,0.183,9.583,4.944
-0.016,-0.188,0.933,-5.066,9.705,18.188
-0.054,-0.421,0.921,-20.996,1.709,45.227
0.067,-0.562,0.909,-42.664,-12.512,73.303
0.213,-0.588,0.875,-59.021,-24.353,90.576
0.297,-0.562,0.815,-62.439,-28.076,91.187
0.341,-0.485,0.752,-55.664,-25.391,76.782
0.387,-0.365,0.735,-45.898,-19.043,53.955
0.398,-0.223,0.783,-37.231,-10.742,29.907
0.381,-0.078,0.817,-27.649,-0.671,10.071
0.367,0.068,0.892,-15.869,9.766,-4.211
0.356,0.152,0.999,0.244,21.179,-12.512
0.275,0.175,1.063,16.663,28.503,-12.939
0.168,0.078,1.120,26.672,31.982,-4.883
0.078,-0.044,1.176,23.254,26.306,12.756
0.107,-0.166,1.186,1.892,9.033,35.645
0.213,-0.202,1.105,-27.832,-14.160,57.495
0.324,-0.202,1.039,-52.490,-35.522,70.679
0.419,-0.193,1.010,-62.744,-48.035,71.533
0.459,-0.182,0.988,-57.861,-52.185,63.721
0.442,-0.172,0.964,-38.574,-50.476,52.246
0.394,-0.156,0.958,-9.827,-45.532,39.490
0.377,-0.141,0.978,21.790,-40.039,29.419
0.317,-0.158,0.991,48.828,-37.964,25.635
0.242,-0.173,1.001,62.256,-37.048,24.414
0.222,-0.207,0.997,63.049,-36.621,24.109
0.280,-0.264,0.965,52.917,-38.513,25.818
0.256,-0.255,0.930,35.034,-41.870,28.931
0.257,-0.270,0.890,19.592,-45.593,30.701
0.232,-0.272,0.870,8.057,-49.683,31.616
0.210,-0.270,0.874,0.793,-52.551,31.616
0.245,-0.281,0.851,-3.052,-52.673,30.945
0.233,-0.304,0.849,-3.601,-51.086,27.344
0.119,-0.328,0.842,-0.427,-45.715,21.729
0.057,-0.366,0.854,5.249,-40.527,19.653
0.029,-0.385,0.854,10.254,-38.269,21.118
0.080,-0.382,0.861,12.451,-36.865,24.231
0.084,-0.370,0.831,13.672,-38.025,24.292
0.082,-0.357,0.810,14.282,-37.170,19.287
0.077,-0.347,0.816,14.587,-35.950,13.672
0.047,-0.329,0.821,13.428,-32.776,9.827
0.014,-0.304,0.848,11.780,-27.405,8.606
0.031,-0.301,0.875,10.742,-22.339,12.512
0.053,-0.294,0.908,7.507,-19.104,18.494
0.059,-0.301,0.928,0.854,-18.982,23.743
0.049,-0.323,0.951,-8.606,-21.301,27.222
0.042,-0.363,0.985,-19.104,-24.414,27.283
0.018,-0.383,1.000,-28.137,-26.550,25.635
-0.033,-0.387,1.003,-30.212,-28.381,23.621
-0.052,-0.386,1.009,-23.315,-27.649,21.851
-0.030,-0.373,1.023,-12.390,-26.978,21.240
-0.004,-0.339,1.035,-3.296,-28.198,20.874
0.015,-0.310,1.028,0.916,-30.762,19.043
0.039,-0.305,1.003,0.671,-33.325,15.869
0.041,-0.302,0.969,-1.709,-36.499,11.780
0.016,-0.305,0.952,-4.333,-38.940,5.493
-0.001,-0.295,0.944,-5.371,-38.940,-0.305
-0.016,-0.268,0.938,-4.089,-37.170,-3.906
-0.052,-0.247,0.953,-0.122,-33.936,-6.409
-0.090,-0.223,0.965,3.662,-30.151,-7.935
-0.131,-0.231,0.965,4.395,-26.123,-8.423
-0.123,-0.182,0.996,1.221,-22.339,-8.911
-0.102,-0.138,1.002,-3.540,-22.156,-8.728
-0.091,-0.145,1.001,-8.362,-22.644,-8.301
-0.113,-0.159,0.988,-11.902,-21.790,-7.019
-0.123,-0.170,0.991,-13.184,-22.949,-5.005
-0.139,-0.164,0.989,-12.634,-25.146,-3.479
-0.145,-0.149,0.983,-10.620,-27.466,0.244
-0.148,-0.125,0.955,-7.568,-28.687,6.226
-0.159,-0.130,0.941,-4.944,-27.771,12.146
-0.170,-0.138,0.950,-5.066,-25.635,16.418
-0.194,-0.156,0.965,-8.484,-22.583,18.250
-0.219,-0.173,0.971,-13.855,-19.592,17.578
-0.233,-0.179,0.978,-18.982,-18.250,16.235
-0.262,-0.163,0.969,-22.705,-19.348,16.846
-0.295,-0.152,0.955,-24.475,-21.362,18.372
-0.295,-0.158,0.940,-24.231,-23.804,20.813
-0.273,-0.169,0.920,-23.621,-27.710,23.987
-0.223,-0.187,0.895,-22.339,-31.006,27.161
-0.200,-0.199,0.873,-19.958,-32.227,28.931
-0.207,-0.225,0.858,-15.747,-29.663,29.053

1.625,0.652,1.695,184.021,345.703,-205.933
1.156,0.851,2.338,217.102,384.583,-229.248
0.545,1.087,2.853,162.048,351.562,-238.281
-0.010,1.255,2.876,61.035,254.333,-225.586
-0.301,1.191,2.600,-7.141,130.066,-174.194
-0.266,0.920,2.128,-14.404,24.597,-89.600
-0.094,0.529,1.599,6.470,-49.927,6.226
0.271,0.151,1.088,21.362,-90.088,87.280
0.630,-0.251,0.681,15.198,-110.229,135.193
0.785,-0.667,0.504,-11.902,-113.708,146.973
0.789,-1.007,0.469,-45.349,-96.558,128.113
0.739,-1.144,0.526,-63.232,-62.683,90.332
0.689,-1.121,0.622,-51.697,-26.367,47.058
0.589,-0.992,0.711,-20.935,1.099,10.925
0.485,-0.780,0.779,10.010,19.348,-14.160
0.397,-0.543,0.839,28.137,27.039,-28.687
0.337,-0.363,0.890,26.367,23.193,-32.593
0.296,-0.250,0.924,10.254,13.245,-27.771
0.288,-0.233,0.950,-10.864,2.380,-15.869
0.281,-0.269,0.959,-30.945,-9.949,-1.343
0.297,-0.290,0.946,-45.471,-21.729,10.559
0.300,-0.308,0.932,-51.941,-32.715,17.456
0.293,-0.314,0.898,-53.772,-42.114,19.775
0.292,-0.288,0.856,-53.101,-48.706,19.348
0.288,-0.228,0.837,-47.546,-49.011,16.113
0.267,-0.173,0.849,-34.302,-40.283,12.024
0.228,-0.164,0.862,-17.151,-27.161,11.841
0.208,-0.184,0.880,-5.310,-18.677,16.357
0.205,-0.194,0.900,-3.174,-17.761,22.278
0.207,-0.185,0.912,-8.728,-20.874,26.794
0.243,-0.121,0.927,-15.747,-23.804,28.809
0.255,-0.036,0.930,-19.897,-25.208,27.771
0.281,0.051,0.960,-19.653,-24.536,25.330
0.314,0.109,0.986,-15.137,-22.888,22.949
0.295,0.158,1.001,-6.653,-19.958,20.081
0.273,0.185,1.019,5.981,-15.808,18.921
0.244,0.179,1.054,21.851,-12.939,23.804
0.235,0.141,1.075,35.156,-12.329,34.302
0.251,0.082,1.094,40.100,-13.672,48.584
0.277,0.002,1.088,34.973,-17.700,62.561
0.285,-0.096,1.046,23.193,-26.550,73.303
0.297,-0.198,0.985,8.545,-39.001,81.116
0.318,-0.271,0.909,-4.456,-52.002,85.815
0.340,-0.328,0.848,-13.306,-63.416,86.975
0.345,-0.368,0.802,-16.968,-71.655,84.045
0.328,-0.388,0.781,-13.794,-75.317,77.148
0.315,-0.388,0.780,-3.601,-74.219,67.749
0.305,-0.364,0.798,10.681,-67.993,58.228
0.281,-0.333,0.825,25.024,-58.350,48.279
0.246,-0.312,0.842,34.912,-50.171,38.452
0.195,-0.301,0.836,38.147,-45.715,30.579
0.127,-0.289,0.808,35.950,-44.067,25.330
0.135,-0.287,0.821,30.518,-41.443,23.560
0.072,-0.299,0.823,24.414,-42.236,22.766
0.061,-0.306,0.858,17.639,-39.917,21.973
0.043,-0.295,0.895,11.414,-40.039,21.606
0.009,-0.291,0.904,4.700,-44.006,20.691
-0.026,-0.292,0.899,-1.526,-49.316,19.348
-0.047,-0.313,0.883,-5.981,-52.795,17.578
-0.056,-0.321,0.856,-7.446,-53.467,15.808
-0.055,-0.322,0.826,-4.150,-51.819,13.855
-0.052,-0.321,0.802,5.127,-47.119,11.841
-0.048,-0.314,0.788,17.944,-40.710,11.169
-0.047,-0.307,0.777,30.273,-33.020,11.169
-0.068,-0.294,0.785,38.757,-23.254,10.559
-0.092,-0.301,0.799,40.894,-12.024,8.972
-0.109,-0.321,0.832,37.170,-1.892,6.958
-0.114,-0.363,0.876,28.625,5.798,5.859
-0.120,-0.402,0.909,16.541,10.193,4.639
-0.122,-0.422,0.917,3.113,9.338,3.235
-0.121,-0.433,0.931,-7.446,5.127,1.343
-0.103,-0.432,0.942,-13.000,-0.061,-1.404
-0.075,-0.413,0.928,-12.207,-4.395,-4.150
-0.077,-0.381,0.902,-4.639,-7.202,-7.263
-0.071,-0.352,0.893,7.568,-7.324,-9.888
-0.040,-0.311,0.891,18.066,-5.676,-10.559
-0.031,-0.274,0.901,22.339,-3.357,-11.230
-0.034,-0.245,0.912,19.043,-1.648,-12.634
-0.032,-0.229,0.927,9.888,-1.953,-13.428
-0.052,-0.219,0.940,-1.160,-4.578,-13.672
-0.081,-0.220,0.955,-10.132,-8.667,-14.282
-0.079,-0.221,0.952,-14.282,-12.207,-13.916
-0.052,-0.209,0.955,-12.573,-15.564,-11.963
-0.026,-0.198,0.969,-5.493,-18.799,-9.399
-0.021,-0.181,0.996,2.686,-20.874,-6.592
-0.013,-0.167,1.014,8.118,-22.217,-4.333
-0.022,-0.162,1.020,8.545,-23.743,-2.808
-0.043,-0.168,1.014,3.601,-26.184,-2.625
-0.059,-0.190,1.005,-4.211,-29.724,-2.747
-0.072,-0.214,0.982,-11.658,-34.119,-2.563
-0.071,-0.230,0.959,-15.930,-39.185,-1.526
-0.041,-0.245,0.953,-17.090,-43.823,0.427
-0.003,-0.237,0.931,-15.198,-45.776,1.648
0.010,-0.213,0.901,-9.705,-44.250,1.404
-0.030,-0.203,0.896,-2.502,-40.222,-2.319
-0.078,-0.194,0.899,2.380,-33.508,-8.423
-0.107,-0.179,0.900,5.127,-27.527,-14.832
-0.151,-0.168,0.903,8.362,-23.987,-19.043
-0.187,-0.154,0.907,12.329,-22.339,-21.362
-0.171,-0.134,0.905,15.564,-22.522,-21.790
-0.139,-0.111,0.891,18.311,-25.330,-20.508
-0.138,-0.103,0.889,19.836,-27.466,-19.287
-0.148,-0.122,0.904,17.700,-27.222,-18.616
-0.186,-0.159,0.907,9.338,-26.550,-17.700
-0.261,-0.185,0.895,-2.625,-25.940,-17.639
-0.319,-0.207,0.873,-13.367,-25.024,-16.541
-0.363,-0.240,0.850,-20.386,-23.254,-14.038
-0.385,-0.257,0.840,-24.048,-20.569,-11.597
-0.341,-0.255,0.851,-25.330,-17.456,-9.216
-0.286,-0.235,0.861,-25.391,-14.160,-6.409
-0.292,-0.239,0.893,-24.414,-10.986,-6.104
-0.321,-0.259,0.927,-24.170,-8.789,-7.324
-0.365,-0.278,0.939,-23.743,-9.521,-7.629
-0.378,-0.285,0.945,-20.569,-11.536,-6.897
-0.389,-0.290,0.930,-15.137,-12.939,-6.470
-0.416,-0.286,0.912,-10.620,-13.123,-7.080
-0.426,-0.269,0.905,-7.385,-11.841,-7.690
-0.424,-0.256,0.897,-5.249,-10.986,-7.446
-0.427,-0.256,0.899,-4.944,-9.644,-6.226

-0.964,-0.665,1.011,-22.156,30.884,-1.038
-1.030,-0.711,1.017,-21.912,33.081,-4.272
-1.048,-0.757,1.028,-21.790,36.316,-7.690
-1.072,-0.792,1.026,-24.658,38.818,-12.146
-1.106,-0.813,1.026,-29.236,40.405,-18.555
-1.126,-0.842,1.024,-32.471,42.664,-27.344
-1.167,-0.865,1.034,-32.349,46.448,-38.879
-1.200,-0.886,1.040,-27.954,52.429,-53.955
-1.196,-0.880,1.049,-19.043,59.326,-71.716
-1.162,-0.856,1.061,-5.615,65.430,-89.600
-1.115,-0.799,1.072,12.695,70.374,-104.736
-1.048,-0.739,1.045,36.194,77.087,-114.685
-1.000,-0.679,1.007,63.049,84.473,-119.934
-0.947,-0.605,0.972,85.388,91.858,-119.812
-0.915,-0.624,0.977,98.572,96.191,-111.694
-0.798,-0.611,0.967,97.656,94.055,-95.703
-0.638,-0.524,0.927,86.182,83.923,-72.510
-0.367,-0.472,0.757,74.280,66.162,-43.274
0.080,-0.412,0.461,60.791,40.283,-10.071
0.588,-0.416,0.100,36.743,9.705,21.973
1.287,-0.379,-0.137,-3.784,-14.771,45.410
1.959,-0.240,-0.230,-52.124,-20.081,47.852
2.327,-0.101,-0.226,-90.515,2.991,24.841
2.614,0.013,-0.042,-110.596,55.359,-20.264
2.822,0.247,0.181,-109.863,123.779,-78.430
2.838,0.573,0.514,-70.313,195.496,-132.690
2.658,0.842,0.995,12.695,268.250,-172.974
2.177,1.071,1.562,107.422,344.360,-191.956
1.484,1.329,2.106,175.537,397.400,-197.510
0.744,1.509,2.542,175.964,382.751,-199.951
0.206,1.545,2.762,106.445,280.884,-195.068
-0.242,1.381,2.571,36.194,140.137,-160.339
-0.373,0.894,2.008,26.184,12.573,-86.975
-0.171,0.449,1.491,55.237,-81.665,3.662
0.166,0.054,0.842,65.247,-146.362,82.886
0.440,-0.447,0.153,28.320,-175.537,129.517
0.652,-0.880,-0.200,-38.696,-178.162,135.071
0.719,-1.109,-0.193,-93.079,-146.912,110.352
0.592,-1.174,0.009,-91.919,-76.355,65.430
0.484,-1.114,0.228,-36.560,-1.221,16.846
0.352,-0.888,0.467,36.194,53.894,-21.362
0.197,-0.608,0.681,91.736,90.942,-44.678
0.078,-0.337,0.902,108.154,108.765,-50.598
0.062,-0.121,1.036,84.900,95.581,-42.908
0.055,-0.053,1.108,40.100,55.298,-29.236
0.119,-0.095,1.081,-1.160,12.146,-9.338
0.197,-0.262,1.027,-27.039,-21.057,13.855
0.265,-0.399,1.016,-38.574,-37.354,29.175
0.302,-0.485,1.030,-36.926,-40.710,35.034
0.271,-0.563,1.005,-25.513,-38.696,32.776
0.255,-0.615,0.950,-12.451,-38.391,26.672
0.279,-0.627,0.918,-0.977,-34.424,19.775
0.261,-0.592,0.917,12.207,-20.020,10.925
0.208,-0.512,0.923,24.353,-3.174,0.977
0.157,-0.389,0.918,32.104,3.845,-7.935
0.103,-0.240,0.873,33.386,0.427,-15.869
0.042,-0.135,0.797,30.334,-6.714,-21.301
0.030,-0.124,0.767,23.315,-13.184,-18.005
0.048,-0.154,0.797,12.329,-11.475,-6.775
0.053,-0.210,0.871,4.639,-3.418,3.540
0.053,-0.268,0.931,1.282,0.977,9.338
0.089,-0.316,0.933,-0.671,-0.183,12.085
0.114,-0.297,0.905,-1.160,-3.845,11.536
0.074,-0.271,0.858,1.282,-5.371,7.996
0.052,-0.246,0.806,3.357,-5.066,4.150
0.039,-0.185,0.802,6.226,-2.075,0.549
-0.023,-0.166,0.826,12.268,4.822,-1.099
-0.054,-0.196,0.849,14.587,8.484,2.441
0.051,-0.251,0.868,8.667,5.249,8.423
0.054,-0.264,0.837,-1.831,-1.465,11.169
0.047,-0.272,0.800,-9.949,-5.920,11.169
0.059,-0.297,0.786,-13.245,-5.676,10.559
0.069,-0.305,0.850,-11.047,1.343,8.362
0.046,-0.321,0.948,-5.676,12.146,7.690
0.043,-0.373,1.047,-3.601,19.714,10.071
0.070,-0.418,1.097,-6.226,19.836,13.123
0.086,-0.412,1.074,-9.705,10.986,13.306
0.083,-0.374,0.978,-10.132,-2.747,9.888
0.077,-0.338,0.867,-7.812,-14.160,6.348
0.083,-0.284,0.836,-4.883,-17.151,3.418
0.071,-0.284,0.874,-1.648,-10.681,2.747
0.079,-0.321,0.953,0.000,-2.014,5.310
0.097,-0.345,1.003,-0.793,3.296,8.789
0.113,-0.347,1.015,-2.197,3.540,9.277
0.100,-0.319,0.986,-2.808,0.549,6.348
0.067,-0.279,0.937,-1.953,-1.404,3.357
0.052,-0.262,0.902,-0.854,-2.930,3.845
0.057,-0.281,0.907,-0.793,-2.686,7.874
0.080,-0.319,0.949,-0.610,-1.282,13.550
0.100,-0.339,0.982,0.549,0.305,16.846
0.099,-0.336,0.980,2.869,0.244,15.869
0.088,-0.317,0.943,3.906,-2.075,12.268
0.089,-0.331,0.899,1.465,-5.005,9.949
0.089,-0.363,0.871,-4.028,-5.920,10.132
0.106,-0.411,0.854,-9.216,-4.333,10.864
0.116,-0.453,0.847,-11.414,-2.136,9.888
0.130,-0.437,0.854,-10.742,0.305,6.592
0.106,-0.384,0.888,-4.333,5.310,2.014
0.073,-0.323,0.946,5.615,12.024,-1.282
0.054,-0.281,0.992,11.719,16.235,-1.160
0.051,-0.282,1.005,10.437,14.587,2.075
0.080,-0.306,0.990,2.319,6.836,6.042
0.094,-0.327,0.953,-7.202,-2.136,8.484
0.111,-0.333,0.930,-13.489,-8.118,8.179
0.105,-0.325,0.910,-13.672,-9.033,5.798
0.103,-0.317,0.912,-7.507,-4.089,4.211
0.099,-0.305,0.948,0.305,2.563,3.784
0.080,-0.315,0.964,4.395,7.568,4.211
0.076,-0.355,0.952,2.136,6.470,5.554
0.111,-0.362,0.929,-4.211,2.380,6.531
0.117,-0.329,0.921,-7.629,0.488,4.150
0.089,-0.290,0.915,-4.700,1.648,-0.305
0.066,-0.231,0.917,0.427,3.784,-2.686
0.052,-0.178,0.939,4.517,5.676,-2.747
0.042,-0.144,0.974,4.883,7.080,-1.099
0.032,-0.122,1.008,2.075,7.568,1.221
0.036,-0.138,1.018,-1.038,6.042,4.700
0.043,-0.207,0.998,-3.418,2.869,10.803
0.059,-0.305,0.945,-5.737,-1.465,18.372

-1.752,-0.308,0.992,-2.808,8.972,5.188
-2.036,-0.381,0.963,-12.756,20.569,2.258
-2.366,-0.507,0.918,-21.912,30.518,1.160
-2.634,-0.690,0.890,-27.832,40.283,1.953
-2.768,-0.809,0.920,-31.921,47.852,3.662
-2.738,-0.867,0.958,-32.898,53.711,8.301
-2.581,-0.916,0.983,-30.396,55.176,10.498
-2.344,-0.982,0.953,-19.897,52.490,8.179
-2.017,-1.016,0.878,-3.967,38.696,3.113
-1.687,-1.030,0.711,20.935,18.066,-1.160
-1.255,-0.979,0.489,60.364,1.160,0.183
-0.589,-0.919,0.197,119.751,-12.878,16.235
0.401,-0.947,-0.142,189.270,-21.729,50.476
1.276,-0.505,-0.454,236.389,-13.428,90.149
2.046,0.230,-0.663,261.658,34.058,115.295
2.886,0.746,-0.857,255.371,130.737,135.803
3.678,1.014,-0.679,152.161,242.737,146.851
4.000,1.048,0.138,-41.687,312.805,120.239
4.000,0.958,1.167,-221.802,343.628,39.185
3.578,0.794,2.249,-285.156,366.028,-70.557
2.825,0.550,3.109,-208.374,400.024,-162.537
2.235,0.661,3.695,-30.090,421.692,-222.046
1.417,0.958,3.884,168.274,404.968,-258.179
0.701,1.495,3.512,295.471,325.867,-276.978
0.036,1.955,2.762,313.477,181.885,-273.865
-0.517,2.030,1.795,262.207,24.475,-223.938
-0.505,1.642,0.899,175.659,-95.947,-122.070
-0.136,1.078,0.328,75.378,-167.664,-6.042
0.126,0.275,0.069,-12.634,-187.256,79.712
0.321,-0.499,-0.012,-68.298,-164.062,122.070
0.502,-0.994,0.066,-82.153,-120.605,125.977
0.556,-1.194,0.225,-52.063,-69.092,97.595
0.482,-1.107,0.323,0.854,-15.137,49.255
0.297,-0.950,0.326,41.870,23.804,1.404
0.180,-0.763,0.302,46.936,38.940,-25.085
0.161,-0.474,0.345,24.231,41.260,-31.311
0.098,-0.245,0.430,-4.028,42.114,-28.137
0.027,-0.110,0.467,-36.133,34.363,-21.667
0.016,-0.021,0.494,-75.684,10.437,-12.268
0.042,0.057,0.543,-110.229,-19.775,-2.075
0.082,0.106,0.674,-125.610,-40.222,7.812
0.122,0.088,0.847,-117.065,-42.480,15.198
0.166,0.083,0.974,-91.614,-37.231,19.958
0.196,0.108,1.028,-62.195,-37.231,22.217
0.237,0.116,1.060,-35.339,-41.138,25.146
0.277,0.126,1.085,-12.268,-42.542,32.837
0.346,0.093,1.129,5.859,-39.978,45.471
0.429,0.028,1.129,17.883,-38.452,57.861
0.493,-0.021,1.095,17.334,-46.326,66.833
0.546,-0.052,1.016,6.042,-61.707,72.937
0.542,-0.107,0.919,-6.653,-78.918,74.707
0.501,-0.185,0.821,-11.719,-94.543,68.359
0.496,-0.228,0.759,-10.620,-103.760,60.425
0.505,-0.260,0.748,-2.502,-101.440,53.589
0.546,-0.266,0.779,8.911,-88.928,45.959
0.574,-0.266,0.819,17.212,-76.355,36.072
0.598,-0.277,0.833,21.667,-70.923,23.315
0.536,-0.284,0.833,22.278,-72.449,8.850
0.469,-0.329,0.818,17.944,-76.050,-2.441
0.340,-0.340,0.761,7.812,-77.393,-8.057
0.164,-0.329,0.697,-2.808,-73.181,-13.855
0.205,-0.281,0.708,-8.789,-64.636,-18.433
0.157,-0.252,0.717,-12.939,-62.500,-16.785
0.197,-0.258,0.739,-25.635,-61.340,-11.230
0.193,-0.222,0.748,-48.706,-62.744,-4.578
0.141,-0.238,0.746,-78.247,-65.308,-1.892
0.026,-0.290,0.721,-107.422,-68.054,-4.517
-0.031,-0.315,0.731,-128.662,-67.322,-10.986
-0.065,-0.315,0.768,-138.306,-64.453,-19.165
-0.100,-0.283,0.805,-138.672,-60.120,-29.968
-0.137,-0.222,0.835,-132.690,-54.382,-41.382
-0.188,-0.154,0.876,-121.765,-46.265,-51.147
-0.236,-0.109,0.912,-108.154,-37.720,-58.044
-0.375,-0.038,0.928,-95.215,-31.982,-61.401
-0.484,0.032,0.951,-80.078,-29.663,-63.171
-0.555,0.099,0.944,-62.744,-30.090,-63.721
-0.595,0.165,0.917,-46.326,-32.410,-63.110
-0.700,0.214,0.888,-32.837,-34.546,-62.439
-0.787,0.240,0.887,-23.682,-33.081,-59.753
-0.843,0.247,0.878,-20.813,-29.785,-55.176
-0.928,0.223,0.872,-25.452,-28.198,-48.645
-0.947,0.172,0.878,-36.560,-28.015,-40.466
-0.974,0.107,0.866,-52.612,-30.212,-30.457
-0.950,0.044,0.833,-65.491,-31.128,-19.531
-0.913,-0.000,0.805,-69.519,-28.320,-10.925
-0.866,-0.038,0.788,-63.354,-21.179,-5.188
-0.837,-0.053,0.792,-48.889,-10.010,-2.380
-0.779,-0.048,0.830,-31.738,1.343,-2.380
-0.713,-0.028,0.879,-17.700,13.428,-5.127
-0.639,0.020,0.927,-7.996,23.254,-9.827
-0.568,0.073,1.000,0.854,32.166,-15.320
-0.519,0.119,1.068,10.315,38.391,-19.348
-0.471,0.168,1.128,17.517,41.016,-21.240
-0.458,0.231,1.153,22.339,41.443,-21.057
-0.484,0.285,1.175,27.161,39.673,-18.860
-0.511,0.326,1.196,30.273,34.790,-14.526
-0.547,0.337,1.210,26.245,27.222,-7.874
-0.566,0.332,1.210,14.221,16.968,-1.221
-0.587,0.306,1.180,-0.793,4.517,6.165
-0.606,0.269,1.132,-12.207,-8.179,13.672
-0.568,0.234,1.080,-17.090,-19.592,21.057
-0.526,0.198,1.020,-15.259,-28.687,28.381
-0.484,0.176,0.968,-8.911,-33.203,33.936
-0.453,0.156,0.928,-3.479,-32.593,37.781
-0.443,0.135,0.912,-2.258,-27.893,38.452
-0.436,0.119,0.926,-6.714,-21.790,36.743
-0.462,0.110,0.943,-13.977,-15.747,35.156
-0.486,0.085,0.961,-19.287,-10.681,34.302
-0.493,0.063,0.982,-20.081,-8.240,33.936
-0.488,0.039,0.982,-16.907,-9.338,33.569
-0.486,0.022,0.971,-11.719,-12.634,32.837
-0.500,0.018,0.947,-6.531,-15.747,32.410
-0.497,0.014,0.927,-0.732,-16.479,32.532
-0.490,0.004,0.917,3.784,-15.808,32.288
-0.485,-0.012,0.924,5.371,-15.076,30.579
-0.476,-0.021,0.928,3.906,-14.648,28.137
-0.484,-0.019,0.920,1.709,-13.306,25.940
-0.494,-0.020,0.914,3.357,-10.986,24.414
-0.495,-0.022,0.901,7.874,-9.155,23.865

-1.468,-0.318,1.099,-18.311,36.804,9.705
-1.685,-0.409,1.104,-22.705,39.246,5.554
-1.872,-0.510,1.121,-22.583,42.725,1.343
-1.978,-0.621,1.137,-20.447,45.959,-0.610
-1.979,-0.707,1.170,-19.531,47.913,-2.136
-1.918,-0.731,1.169,-19.775,47.913,-6.348
-1.777,-0.728,1.175,-15.259,48.950,-15.015
-1.697,-0.749,1.190,-3.662,48.584,-27.527
-1.634,-0.786,1.187,10.132,43.823,-41.748
-1.567,-0.812,1.137,23.132,32.104,-54.077
-1.442,-0.758,1.077,40.222,15.198,-60.547
-1.259,-0.695,1.040,69.946,-4.456,-55.847
-0.888,-0.674,0.838,110.901,-26.917,-39.795
-0.198,-0.581,0.499,154.846,-51.941,-13.794
0.564,-0.361,0.047,202.087,-66.223,19.226
1.279,-0.213,-0.534,253.113,-51.697,49.805
1.936,-0.028,-1.031,281.433,0.244,60.303
2.507,0.162,-1.267,253.418,91.431,46.082
3.049,0.433,-1.056,155.884,197.632,14.709
3.344,0.833,-0.389,14.343,282.715,-28.809
3.414,1.285,0.472,-106.140,348.755,-79.773
3.074,1.355,1.246,-167.175,396.973,-124.268
2.737,1.338,2.001,-172.363,424.805,-151.550
2.077,1.460,2.640,-124.390,421.326,-165.649
1.300,1.467,3.033,-30.762,389.038,-166.321
0.340,1.541,2.990,61.951,316.101,-150.330
-0.380,1.529,2.553,111.633,194.641,-120.911
-0.615,1.292,1.951,108.459,50.415,-72.510
-0.327,0.881,1.249,78.674,-69.336,1.587
0.139,0.408,0.559,49.500,-134.705,85.693
0.553,-0.088,0.243,24.292,-144.470,141.541
0.696,-0.490,0.111,-5.615,-110.901,151.978
0.679,-0.654,0.164,-36.926,-61.829,118.652
0.582,-0.663,0.387,-52.979,-18.494,65.063
0.439,-0.564,0.617,-40.894,15.259,18.555
0.358,-0.413,0.836,-6.165,44.983,-8.240
0.323,-0.219,1.003,33.142,70.557,-16.541
0.318,-0.050,1.124,61.462,82.397,-13.000
0.233,0.000,1.170,64.331,72.083,-5.066
0.146,-0.009,1.119,36.255,39.063,5.615
0.199,-0.046,1.043,-4.761,-1.709,20.325
0.302,-0.125,1.014,-37.231,-30.090,35.828
0.373,-0.212,1.036,-52.185,-42.236,46.814
0.441,-0.275,1.081,-49.561,-44.617,49.927
0.502,-0.300,1.132,-34.058,-42.114,45.288
0.543,-0.263,1.178,-14.526,-38.696,36.438
0.548,-0.214,1.198,3.662,-36.316,26.855
0.510,-0.161,1.194,17.029,-38.086,18.799
0.422,-0.123,1.164,25.024,-45.410,13.733
0.339,-0.103,1.125,30.273,-55.054,11.597
0.324,-0.082,1.073,36.438,-65.002,14.099
0.323,-0.083,1.010,41.931,-74.341,20.020
0.307,-0.077,0.930,43.762,-81.543,26.917
0.301,-0.071,0.852,42.236,-86.060,32.349
0.247,-0.034,0.806,38.757,-89.600,36.499
0.366,-0.027,0.762,32.898,-90.698,41.199
0.408,-0.022,0.744,25.696,-87.891,43.274
0.422,-0.021,0.755,18.066,-86.182,44.800
0.412,-0.030,0.787,10.620,-84.351,47.791
0.396,-0.085,0.839,5.493,-81.177,49.927
0.271,-0.137,0.873,1.709,-80.627,49.561
0.229,-0.190,0.911,-1.099,-80.872,46.265
0.160,-0.234,0.904,-2.441,-82.581,42.786
0.130,-0.250,0.880,-3.357,-85.022,40.649
0.137,-0.260,0.839,-5.859,-86.121,39.246
0.143,-0.258,0.790,-10.986,-85.144,38.696
0.176,-0.248,0.754,-18.005,-83.923,37.598
0.175,-0.236,0.730,-25.940,-84.717,34.912
0.110,-0.236,0.722,-34.241,-84.839,30.396
0.039,-0.245,0.736,-41.565,-80.750,24.231
-0.035,-0.257,0.771,-48.096,-74.280,18.066
-0.094,-0.253,0.798,-54.382,-66.528,12.085
-0.163,-0.228,0.819,-57.861,-59.692,5.066
-0.235,-0.204,0.832,-58.044,-54.810,-0.977
-0.246,-0.184,0.847,-55.908,-51.880,-2.319
-0.222,-0.140,0.836,-55.542,-51.758,-0.366
-0.208,-0.093,0.809,-55.725,-54.565,0.549
-0.216,-0.074,0.792,-53.955,-57.739,-0.183
-0.261,-0.066,0.776,-49.683,-58.594,-1.526
-0.314,-0.061,0.780,-44.312,-55.481,-3.296
-0.382,-0.047,0.805,-38.086,-49.377,-5.920
-0.385,-0.054,0.815,-32.715,-42.603,-10.010
-0.428,-0.063,0.841,-27.222,-34.485,-18.738
-0.494,-0.019,0.874,-22.400,-30.518,-26.306
-0.511,0.016,0.866,-18.127,-26.367,-30.029
-0.519,0.044,0.890,-11.841,-22.400,-30.151
-0.518,0.048,0.895,-5.493,-19.653,-26.672
-0.550,0.039,0.872,-1.160,-20.447,-19.104
-0.549,0.013,0.851,0.427,-23.010,-10.498
-0.525,-0.018,0.819,-4.578,-25.146,-4.028
-0.527,-0.041,0.798,-16.479,-25.696,-3.662
-0.538,-0.059,0.800,-29.602,-23.132,-9.644
-0.582,-0.042,0.844,-37.292,-17.639,-16.357
-0.621,-0.027,0.904,-36.377,-9.705,-19.592
-0.643,-0.018,0.959,-27.649,-2.747,-19.775
-0.628,0.005,0.995,-16.724,0.732,-15.869
-0.597,0.035,0.994,-8.789,0.488,-10.254
-0.558,0.037,0.985,-4.028,-3.967,-5.188
-0.515,0.037,0.971,-3.052,-12.695,-1.282
-0.506,0.027,0.950,-4.578,-20.996,2.136
-0.509,0.016,0.946,-7.446,-24.536,4.883
-0.501,0.032,0.953,-11.292,-23.315,6.653
-0.492,0.047,0.970,-15.564,-20.203,5.554
-0.494,0.048,0.984,-19.653,-18.005,2.136
-0.494,0.050,0.994,-24.109,-17.700,-1.282
-0.495,0.047,0.986,-28.137,-19.287,-3.540
-0.495,0.053,0.968,-30.151,-22.522,-5.554
-0.512,0.075,0.943,-27.344,-25.208,-7.385
-0.553,0.095,0.930,-19.043,-26.917,-7.935
-0.604,0.111,0.912,-9.033,-26.611,-6.653
-0.627,0.118,0.872,-1.099,-24.353,-3.845
-0.633,0.120,0.839,3.174,-21.545,-0.610
-0.647,0.102,0.809,2.686,-18.555,3.418
-0.655,0.073,0.797,-3.235,-16.052,7.507
-0.668,0.035,0.796,-11.353,-13.611,11.475
-0.678,0.004,0.810,-19.592,-9.705,14.404
-0.666,-0.025,0.826,-25.635,-4.517,16.235
-0.652,-0.041,0.844,-28.076,-0.488,16.052
-0.639,-0.049,0.865,-26.245,2.441,15.198

-1.232,-0.383,1.200,4.578,60.181,7.080
-1.324,-0.398,1.277,7.446,71.106,-5.798
-1.363,-0.376,1.352,14.343,83.374,-22.095
-1.295,-0.323,1.385,23.315,93.384,-38.452
-1.257,-0.265,1.389,35.706,98.938,-50.903
-1.210,-0.248,1.381,49.561,100.464,-57.007
-1.251,-0.282,1.371,59.631,99.426,-58.716
-1.274,-0.312,1.348,64.026,93.872,-56.824
-1.333,-0.363,1.301,64.331,79.407,-52.490
-1.312,-0.413,1.195,63.293,59.387,-46.143
-1.276,-0.449,1.046,65.369,37.170,-34.790
-1.093,-0.495,0.870,72.449,12.756,-19.165
-0.808,-0.532,0.563,82.214,-14.038,0.916
-0.420,-0.633,0.161,97.717,-41.260,25.757
0.028,-0.707,-0.349,111.633,-67.200,52.490
0.526,-0.733,-0.872,119.263,-82.886,78.003
1.228,-0.716,-1.355,120.117,-66.956,89.172
1.978,-0.567,-1.535,96.802,-1.709,73.792
2.512,-0.233,-1.208,47.852,100.891,37.903
2.887,0.054,-0.614,-10.803,204.773,-4.211
2.962,0.361,-0.005,-69.397,288.147,-47.913
2.945,0.623,0.535,-101.685,345.825,-88.318
2.767,0.807,1.040,-98.511,375.305,-129.395
2.388,0.919,1.634,-76.233,385.132,-161.865
1.858,0.847,2.154,-34.180,377.197,-179.077
1.233,0.869,2.418,9.460,344.360,-183.228
0.541,0.915,2.464,44.128,278.503,-183.655
0.104,1.017,2.281,66.650,181.824,-178.162
-0.159,1.107,1.900,83.374,83.496,-151.245
-0.196,1.020,1.509,98.877,13.367,-97.107
-0.124,0.801,1.166,102.295,-21.729,-25.452
0.050,0.429,0.896,73.730,-39.185,38.391
0.282,0.020,0.739,11.841,-54.199,81.055
0.470,-0.321,0.677,-49.744,-61.035,97.778
0.571,-0.588,0.711,-78.552,-51.270,91.614
0.544,-0.765,0.821,-63.049,-26.428,71.228
0.512,-0.838,0.931,-19.958,2.808,48.401
0.479,-0.760,0.991,23.193,25.574,29.419
0.414,-0.615,1.000,46.265,34.241,12.512
0.376,-0.447,0.987,40.955,28.137,-1.709
0.343,-0.259,0.963,18.372,13.123,-9.949
0.297,-0.098,0.966,-2.014,-1.343,-12.024
0.254,0.017,0.973,-12.817,-11.108,-7.385
0.221,0.052,1.006,-18.433,-18.799,0.122
0.246,0.078,1.054,-24.658,-26.733,9.460
0.315,0.097,1.100,-28.320,-32.776,17.456
0.361,0.114,1.144,-24.658,-37.415,22.400
0.378,0.117,1.177,-13.794,-40.710,25.024
0.390,0.126,1.190,0.427,-41.321,27.039
0.395,0.137,1.183,14.771,-40.405,30.579
0.396,0.148,1.167,25.940,-40.527,36.255
0.404,0.158,1.150,28.320,-43.152,44.189
0.430,0.174,1.123,20.264,-49.011,52.246
0.469,0.175,1.088,4.822,-59.753,57.983
0.506,0.148,1.062,-10.681,-74.341,61.768
0.562,0.109,1.029,-19.287,-88.989,64.270
0.558,0.057,0.984,-17.029,-102.173,65.369
0.525,0.001,0.917,-3.235,-112.610,66.467
0.480,-0.075,0.837,16.357,-120.117,67.932
0.423,-0.131,0.742,33.508,-124.634,68.726
0.393,-0.173,0.671,43.152,-126.160,67.871
0.408,-0.198,0.610,43.945,-124.695,66.895
0.454,-0.183,0.593,36.194,-119.812,65.918
0.485,-0.164,0.605,24.719,-112.976,64.636
0.495,-0.165,0.612,12.512,-107.422,62.073
0.485,-0.188,0.601,1.282,-104.126,60.181
0.377,-0.230,0.570,-11.292,-103.394,57.068
0.285,-0.291,0.548,-26.489,-104.187,53.955
0.182,-0.341,0.533,-42.664,-104.004,49.683
0.096,-0.350,0.536,-57.495,-103.088,44.678
0.028,-0.347,0.546,-66.895,-98.022,41.809
-0.013,-0.354,0.577,-68.237,-87.402,40.527
0.009,-0.343,0.612,-62.683,-76.294,41.931
0.046,-0.337,0.645,-54.932,-67.444,44.861
0.031,-0.357,0.669,-50.842,-62.317,45.410
-0.030,-0.405,0.683,-53.589,-59.387,41.687
-0.075,-0.419,0.724,-62.927,-54.688,35.339
-0.100,-0.411,0.776,-74.951,-49.805,28.687
-0.152,-0.380,0.831,-85.083,-45.654,22.461
-0.179,-0.360,0.890,-89.355,-42.419,16.663
-0.195,-0.348,0.932,-86.792,-41.504,12.451
-0.196,-0.335,0.948,-79.468,-45.776,8.484
-0.232,-0.330,0.942,-68.604,-53.284,3.235
-0.292,-0.316,0.931,-55.420,-57.800,-3.601
-0.368,-0.288,0.927,-40.039,-55.664,-11.475
-0.428,-0.276,0.930,-24.841,-48.950,-19.836
-0.481,-0.241,0.934,-13.977,-42.114,-28.687
-0.521,-0.183,0.945,-8.667,-36.255,-39.063
-0.545,-0.129,0.951,-6.409,-30.701,-48.828
-0.537,-0.087,0.954,-6.531,-27.649,-55.054
-0.532,-0.034,0.950,-9.460,-29.663,-59.082
-0.515,0.018,0.921,-13.123,-34.607,-60.791
-0.477,0.090,0.878,-13.428,-38.757,-58.594
-0.447,0.146,0.827,-10.864,-39.368,-55.725
-0.450,0.182,0.796,-9.155,-33.936,-55.115
-0.515,0.232,0.790,-12.878,-21.790,-57.251
-0.629,0.291,0.837,-21.484,-5.005,-62.378
-0.733,0.345,0.901,-30.396,10.315,-67.932
-0.802,0.400,0.953,-38.025,19.470,-69.885
-0.811,0.413,0.981,-41.626,20.813,-66.772
-0.843,0.427,0.990,-40.039,16.907,-58.350
-0.879,0.402,0.992,-34.973,10.071,-45.105
-0.909,0.358,0.986,-30.090,-0.244,-28.381
-0.876,0.292,0.970,-29.541,-11.597,-9.644
-0.847,0.237,0.938,-32.654,-20.752,8.728
-0.846,0.179,0.909,-37.354,-22.705,24.658
-0.819,0.094,0.909,-43.640,-15.503,34.729
-0.787,0.014,0.950,-54.016,-5.493,39.795
-0.765,-0.057,1.008,-65.063,3.662,41.870
-0.760,-0.124,1.090,-71.777,10.254,41.443
-0.742,-0.176,1.144,-72.144,13.672,40.100
-0.715,-0.203,1.170,-64.819,13.489,38.513
-0.678,-0.201,1.185,-48.828,10.864,36.743
-0.644,-0.164,1.170,-26.672,5.615,35.889
-0.630,-0.115,1.144,-3.906,-0.061,34.973
-0.607,-0.073,1.096,13.855,-5.554,31.860
-0.573,-0.037,1.056,23.560,-8.240,25.940
-0.551,-0.000,1.020,26.672,-8.972,17.334
-0.541,0.043,0.972,26.428,-13.977,10.437

2.385,0.583,1.379,-17.517,339.600,-161.194
2.026,0.760,1.958,28.931,374.207,-183.655
1.444,0.925,2.385,75.806,376.160,-202.148
0.809,1.218,2.540,93.018,332.947,-213.684
0.340,1.409,2.576,77.515,242.187,-214.600
0.057,1.488,2.424,58.716,134.460,-191.467
-0.153,1.382,2.129,54.504,42.664,-135.986
-0.193,1.084,1.748,58.289,-16.174,-57.434
-0.047,0.648,1.271,47.424,-58.594,22.705
0.282,0.146,0.849,11.780,-94.299,85.693
0.546,-0.299,0.575,-35.156,-110.046,117.737
0.618,-0.664,0.485,-67.139,-96.191,114.929
0.589,-0.889,0.528,-65.674,-61.646,88.257
0.538,-0.909,0.638,-33.752,-24.231,52.490
0.465,-0.775,0.727,10.620,4.211,19.592
0.372,-0.592,0.779,43.579,20.203,-2.869
0.310,-0.412,0.789,45.288,22.522,-15.015
0.328,-0.261,0.854,23.071,13.977,-19.775
0.332,-0.127,0.970,-0.854,6.104,-21.301
0.293,-0.016,1.119,-10.437,6.348,-20.935
0.265,0.096,1.226,-6.897,12.512,-15.259
0.228,0.172,1.297,0.732,13.306,-6.409
0.170,0.152,1.305,3.357,4.089,5.127
0.148,0.020,1.245,-5.249,-14.954,22.583
0.206,-0.174,1.130,-23.376,-41.138,41.260
0.307,-0.347,1.014,-41.748,-63.660,52.307
0.373,-0.428,0.934,-46.204,-71.472,49.377
0.357,-0.416,0.890,-30.579,-61.218,35.217
0.291,-0.313,0.861,-3.052,-41.077,17.212
0.237,-0.142,0.882,24.780,-20.752,1.953
0.179,0.031,0.913,42.725,-6.531,-7.080
0.073,0.094,0.948,46.875,-1.831,-9.521
0.007,0.030,0.946,35.034,-7.568,-1.404
0.050,-0.058,0.907,12.207,-20.386,13.794
0.119,-0.120,0.877,-7.385,-32.288,25.940
0.145,-0.151,0.868,-14.343,-37.354,29.236
0.152,-0.132,0.852,-9.705,-34.302,26.917
0.166,-0.047,0.841,1.465,-27.283,21.545
0.186,0.066,0.855,15.137,-18.372,15.137
0.190,0.185,0.897,29.114,-8.301,9.888
0.177,0.290,0.962,41.565,1.282,7.507
0.137,0.337,1.033,50.049,8.179,9.705
0.030,0.294,1.066,50.293,9.155,19.836
-0.007,0.146,1.050,38.269,2.075,37.170
0.002,-0.052,0.985,13.000,-13.916,58.350
0.102,-0.197,0.906,-17.944,-35.767,74.951
0.193,-0.290,0.851,-42.847,-52.612,81.482
0.265,-0.333,0.836,-55.298,-59.326,77.637
0.290,-0.296,0.839,-53.223,-56.458,65.063
0.314,-0.198,0.872,-36.438,-45.593,48.340
0.307,-0.082,0.913,-9.521,-30.212,31.555
0.302,0.036,0.948,17.578,-17.395,17.151
0.273,0.137,0.963,35.950,-10.620,8.972
0.230,0.207,0.993,41.321,-9.949,7.874
0.187,0.224,1.015,36.011,-16.602,12.878
0.139,0.211,1.035,22.827,-29.175,23.315
0.131,0.146,1.040,6.409,-45.410,36.987
0.153,0.062,1.015,-8.911,-61.035,51.758
0.215,-0.020,0.986,-18.677,-72.998,63.782
0.291,-0.098,0.968,-19.714,-80.139,70.923
0.335,-0.158,0.937,-12.085,-81.238,72.693
0.361,-0.206,0.915,2.808,-79.041,68.481
0.358,-0.234,0.888,20.386,-74.402,61.340
0.335,-0.245,0.864,35.400,-67.932,51.514
0.325,-0.250,0.855,43.945,-62.866,40.955
0.319,-0.249,0.848,44.800,-60.120,32.227
0.301,-0.247,0.856,39.124,-59.387,24.841
0.271,-0.263,0.873,28.076,-59.875,19.226
0.219,-0.287,0.870,14.282,-60.669,15.869
0.164,-0.317,0.869,0.549,-62.073,13.367
0.133,-0.344,0.870,-10.925,-63.171,11.047
0.120,-0.366,0.877,-18.860,-62.378,10.132
0.089,-0.377,0.876,-22.705,-59.875,9.338
0.065,-0.400,0.863,-23.926,-57.190,8.057
0.040,-0.407,0.844,-24.109,-55.908,7.690
0.030,-0.397,0.829,-25.330,-56.702,5.737
0.040,-0.384,0.792,-28.442,-59.692,2.869
-0.005,-0.363,0.745,-32.227,-62.805,-0.427
-0.065,-0.336,0.720,-35.034,-62.744,-4.211
-0.114,-0.308,0.722,-35.522,-58.777,-7.385
-0.153,-0.281,0.742,-34.241,-52.124,-7.751
-0.192,-0.250,0.768,-31.982,-45.227,-6.775
-0.226,-0.221,0.803,-32.715,-39.734,-7.446
-0.225,-0.177,0.836,-37.598,-36.621,-10.559
-0.221,-0.139,0.870,-43.945,-35.400,-14.587
-0.254,-0.107,0.902,-49.011,-35.095,-18.188
-0.285,-0.080,0.937,-51.575,-36.377,-19.531
-0.301,-0.060,0.957,-49.255,-38.391,-17.883
-0.284,-0.045,0.957,-42.847,-40.527,-14.099
-0.288,-0.035,0.942,-34.485,-42.114,-10.681
-0.294,-0.030,0.929,-29.480,-41.199,-11.047
-0.304,-0.003,0.927,-29.541,-36.804,-14.771
-0.321,0.033,0.937,-31.860,-30.701,-20.264
-0.358,0.058,0.958,-34.119,-24.902,-24.963
-0.380,0.087,0.977,-38.086,-20.752,-27.466
-0.394,0.108,1.001,-43.213,-19.836,-27.649
-0.409,0.112,1.010,-46.509,-22.705,-26.001
-0.417,0.110,1.003,-45.532,-28.015,-24.048
-0.417,0.111,0.971,-38.940,-33.325,-22.461
-0.438,0.130,0.926,-27.222,-35.461,-21.790
-0.472,0.132,0.903,-14.709,-33.081,-21.362
-0.484,0.116,0.896,-9.216,-27.283,-19.714
-0.470,0.128,0.906,-13.977,-20.081,-18.372
-0.475,0.126,0.935,-23.865,-14.648,-18.311
-0.499,0.097,0.976,-33.386,-11.230,-18.188
-0.490,0.065,0.999,-41.199,-10.864,-17.517
-0.482,0.049,1.003,-44.983,-14.221,-16.602
-0.495,0.047,0.995,-41.382,-19.226,-15.991
-0.513,0.061,0.984,-31.677,-23.254,-14.526
-0.534,0.072,0.976,-20.447,-24.902,-13.123
-0.544,0.095,0.970,-12.512,-25.269,-12.756
-0.548,0.115,0.960,-10.254,-25.391,-13.794
-0.567,0.131,0.950,-10.803,-24.841,-15.442
-0.562,0.153,0.949,-12.695,-24.475,-16.052
-0.573,0.180,0.946,-12.451,-24.109,-14.160
-0.580,0.180,0.942,-7.935,-23.254,-9.644
-0.585,0.171,0.930,-1.953,-22.766,-3.235
-0.600,0.156,0.910,1.526,-22.949,3.601
-0.625,0.147,0.889,1.404,-21.484,9.216

-1.332,-0.293,0.958,44.006,86.853,-18.982
-1.291,-0.319,0.959,46.448,91.919,-16.296
-1.191,-0.351,0.969,48.523,93.933,-13.550
-1.094,-0.382,0.985,50.720,92.346,-11.719
-1.077,-0.440,0.953,52.856,89.111,-11.230
-1.106,-0.531,0.883,53.101,85.144,-11.414
-1.140,-0.663,0.759,49.622,75.500,-7.019
-1.161,-0.831,0.557,42.908,59.814,2.258
-1.065,-1.026,0.310,36.072,36.377,19.104
-0.648,-1.141,0.019,36.682,8.789,44.861
0.001,-1.160,-0.334,47.119,-10.315,74.707
0.864,-1.167,-0.632,63.049,-3.601,90.942
1.762,-1.044,-0.728,66.833,40.710,74.402
2.438,-0.728,-0.605,50.903,119.019,19.958
2.748,-0.328,-0.241,30.823,209.290,-57.190
2.805,0.079,0.198,14.465,285.156,-130.005
2.766,0.495,0.606,-0.427,332.825,-178.772
2.694,0.883,0.998,-18.494,352.722,-208.435
2.518,1.231,1.409,-37.170,350.403,-225.952
2.135,1.438,1.796,-43.945,332.031,-242.126
1.690,1.689,2.128,-33.020,305.420,-251.221
1.090,1.861,2.364,-2.258,270.691,-242.981
0.385,2.003,2.367,38.513,219.727,-217.102
-0.163,2.034,2.150,74.768,145.386,-176.331
-0.434,1.894,1.729,95.642,56.152,-114.624
-0.422,1.557,1.246,93.689,-23.743,-30.151
-0.188,0.949,0.829,62.988,-78.491,68.298
0.242,0.226,0.559,3.479,-109.436,155.762
0.611,-0.481,0.400,-62.683,-115.845,204.102
0.783,-1.056,0.351,-106.873,-99.670,202.209
0.775,-1.355,0.405,-111.328,-68.665,160.034
0.688,-1.329,0.505,-76.599,-29.846,97.778
0.548,-1.100,0.604,-20.020,5.920,35.889
0.418,-0.754,0.728,29.785,34.546,-9.949
0.297,-0.468,0.854,55.542,54.382,-34.790
0.251,-0.240,0.976,52.429,59.814,-40.833
0.214,-0.113,1.104,33.386,50.720,-34.119
0.180,-0.073,1.185,14.221,32.532,-20.081
0.173,-0.092,1.182,0.427,10.681,-3.601
0.187,-0.140,1.104,-6.714,-10.864,10.864
0.224,-0.209,1.007,-7.935,-26.733,21.667
0.264,-0.287,0.942,-5.615,-33.813,29.602
0.309,-0.354,0.933,-1.709,-31.921,34.363
0.339,-0.418,0.976,2.869,-23.682,36.133
0.337,-0.464,1.017,5.676,-14.343,33.997
0.311,-0.463,1.024,5.310,-10.254,27.649
0.286,-0.399,0.985,5.554,-11.230,18.738
0.239,-0.324,0.931,9.155,-13.733,9.827
0.202,-0.245,0.868,14.282,-15.686,3.174
0.193,-0.168,0.824,18.677,-16.663,-0.366
0.184,-0.123,0.808,21.362,-14.954,-0.977
0.174,-0.108,0.816,20.386,-11.963,1.648
0.172,-0.099,0.833,14.771,-10.132,5.371
0.160,-0.115,0.859,7.507,-10.376,9.766
0.153,-0.148,0.886,-0.671,-12.451,15.381
0.181,-0.171,0.898,-8.179,-15.625,20.447
0.213,-0.175,0.907,-10.986,-18.799,21.912
0.243,-0.145,0.913,-7.141,-19.226,20.142
0.270,-0.092,0.921,2.808,-16.174,16.235
0.289,-0.035,0.929,16.846,-11.292,11.780
0.302,0.018,0.953,31.921,-6.287,7.690
0.296,0.043,0.980,44.983,-2.441,4.883
0.284,0.059,0.989,53.040,-2.258,3.601
0.257,0.055,0.991,55.237,-7.324,5.188
0.232,0.038,0.974,52.979,-15.686,10.071
0.220,0.009,0.951,46.936,-25.330,16.724
0.228,-0.017,0.925,37.170,-35.339,23.743
0.247,-0.042,0.903,27.222,-44.189,29.541
0.271,-0.065,0.891,17.822,-51.147,33.264
0.294,-0.085,0.881,8.667,-55.054,35.217
0.318,-0.102,0.885,0.305,-56.030,36.621
0.320,-0.150,0.908,-6.653,-55.847,38.757
0.296,-0.211,0.933,-13.977,-54.504,41.199
0.271,-0.260,0.958,-23.010,-55.603,42.297
0.265,-0.290,0.974,-30.334,-60.303,43.152
0.254,-0.316,0.962,-34.546,-66.711,42.969
0.262,-0.327,0.948,-35.828,-73.486,41.992
0.288,-0.320,0.921,-33.630,-78.369,39.795
0.275,-0.301,0.882,-27.222,-80.139,35.828
0.265,-0.290,0.860,-16.418,-78.552,30.701
0.271,-0.273,0.849,-4.089,-73.242,26.550
0.281,-0.271,0.845,7.935,-64.392,24.109
0.276,-0.278,0.861,15.503,-55.420,21.729
0.263,-0.284,0.874,13.611,-49.866,18.372
0.244,-0.290,0.869,2.625,-49.316,14.404
0.222,-0.302,0.865,-13.062,-53.284,11.108
0.177,-0.318,0.852,-30.396,-59.082,9.033
0.102,-0.332,0.838,-45.349,-65.063,6.165
0.086,-0.320,0.842,-52.429,-69.885,3.601
0.081,-0.305,0.855,-47.241,-72.266,3.967
0.071,-0.287,0.866,-34.302,-71.411,5.920
0.086,-0.279,0.859,-21.912,-68.420,7.507
0.087,-0.261,0.843,-16.296,-64.941,6.714
0.064,-0.243,0.821,-19.287,-63.110,2.380
0.017,-0.224,0.798,-28.870,-62.256,-3.052
-0.049,-0.199,0.788,-40.039,-62.561,-7.019
-0.109,-0.183,0.787,-46.936,-63.232,-9.033
-0.135,-0.176,0.786,-48.096,-64.514,-7.385
-0.161,-0.175,0.766,-45.410,-66.711,-3.906
-0.177,-0.170,0.754,-42.786,-67.200,-0.977
-0.194,-0.168,0.746,-43.518,-64.636,1.221
-0.243,-0.168,0.752,-47.791,-58.960,1.404
-0.321,-0.163,0.780,-53.833,-50.659,-0.916
-0.378,-0.159,0.813,-59.570,-42.114,-3.662
-0.424,-0.152,0.858,-64.392,-36.011,-7.202
-0.456,-0.153,0.886,-67.627,-32.532,-11.414
-0.453,-0.144,0.906,-69.214,-32.654,-14.893
-0.443,-0.119,0.911,-66.833,-34.790,-16.907
-0.444,-0.088,0.908,-56.946,-37.964,-16.785
-0.484,-0.072,0.898,-40.955,-41.077,-13.977
-0.504,-0.071,0.884,-25.879,-41.199,-10.498
-0.523,-0.054,0.872,-19.104,-38.269,-9.033
-0.531,-0.039,0.870,-20.630,-33.264,-11.719
-0.570,-0.005,0.892,-26.367,-27.466,-16.907
-0.601,0.013,0.929,-30.273,-22.217,-20.935
-0.595,0.033,0.958,-30.945,-19.775,-21.240
-0.575,0.045,0.983,-28.992,-20.752,-18.677
-0.541,0.055,0.989,-25.024,-25.574,-15.015
-0.519,0.056,0.976,-19.958,-32.959,-11.658

-0.878,-0.481,1.135,6.104,49.744,39.490
-0.839,-0.585,1.082,-5.798,44.006,33.875
-0.809,-0.704,0.998,-6.836,36.133,25.146
-0.757,-0.781,0.832,-0.183,22.888,15.503
-0.668,-0.817,0.599,14.648,4.456,7.324
-0.486,-0.807,0.282,38.208,-12.268,2.808
-0.133,-0.731,-0.075,68.298,-20.569,2.808
0.232,-0.666,-0.400,98.572,-9.155,4.028
0.561,-0.577,-0.621,113.098,28.870,0.061
0.860,-0.507,-0.715,103.271,90.027,-14.709
1.081,-0.419,-0.683,72.021,153.137,-38.696
1.262,-0.302,-0.572,33.691,204.346,-64.514
1.520,-0.109,-0.375,1.953,240.112,-86.975
1.873,0.200,-0.061,-15.076,267.517,-101.868
2.089,0.413,0.274,-13.428,296.387,-102.173
2.142,0.479,0.594,-8.972,324.463,-95.398
2.119,0.529,0.927,-25.940,337.952,-98.694
1.901,0.540,1.224,-58.594,326.599,-112.671
1.733,0.575,1.524,-90.637,295.471,-127.197
1.618,0.703,1.883,-96.252,266.418,-135.681
1.395,0.896,2.280,-57.739,251.038,-145.142
0.897,1.098,2.562,7.141,240.967,-162.231
0.270,1.357,2.575,68.787,200.562,-175.720
-0.190,1.445,2.296,102.356,113.708,-167.175
-0.307,1.361,1.745,98.022,12.939,-114.990
-0.136,1.025,1.141,66.650,-62.988,-33.813
0.190,0.557,0.698,22.949,-105.774,46.509
0.463,0.042,0.448,-20.569,-114.014,98.328
0.566,-0.402,0.422,-52.429,-96.069,114.136
0.565,-0.710,0.506,-61.096,-63.538,101.563
0.529,-0.837,0.605,-45.288,-30.762,74.707
0.502,-0.782,0.677,-20.264,-6.714,44.250
0.445,-0.633,0.733,2.258,9.216,15.564
0.378,-0.477,0.827,17.639,19.531,-5.005
0.330,-0.311,0.958,23.621,25.513,-14.343
0.280,-0.168,1.083,22.278,25.757,-15.686
0.250,-0.067,1.176,17.700,19.531,-12.695
0.222,-0.004,1.206,8.728,6.165,-6.775
0.181,-0.007,1.170,-1.465,-11.902,0.854
0.166,-0.090,1.074,-8.301,-31.433,11.902
0.191,-0.210,0.951,-12.451,-47.668,23.743
0.246,-0.309,0.852,-15.503,-57.800,31.555
0.287,-0.368,0.810,-14.465,-56.702,32.104
0.301,-0.371,0.831,-7.812,-45.044,25.940
0.292,-0.305,0.884,2.197,-28.687,16.541
0.252,-0.196,0.937,10.742,-15.320,6.165
0.204,-0.076,0.990,15.747,-8.606,-1.831
0.136,-0.024,1.021,17.029,-5.676,-3.113
0.095,-0.048,1.006,12.634,-8.728,4.333
0.105,-0.106,0.967,3.357,-19.836,16.724
0.146,-0.156,0.916,-6.348,-32.593,26.123
0.187,-0.183,0.859,-12.085,-39.795,28.748
0.206,-0.161,0.827,-11.414,-39.490,25.146
0.205,-0.084,0.827,-4.578,-32.715,17.517
0.191,0.017,0.858,5.127,-22.888,9.216
0.168,0.106,0.906,14.160,-13.672,2.686
0.184,0.213,0.965,20.569,-5.615,-0.305
0.187,0.281,1.016,25.574,-1.343,1.709
0.198,0.297,1.058,29.358,-0.732,9.644
0.201,0.279,1.076,29.297,-3.540,20.752
0.217,0.225,1.084,24.963,-10.559,33.325
0.248,0.151,1.083,18.311,-20.508,46.448
0.278,0.073,1.067,11.047,-31.799,57.922
0.305,-0.011,1.036,4.333,-42.786,65.796
0.308,-0.098,1.011,-2.014,-53.162,69.885
0.327,-0.152,0.989,-9.583,-63.843,70.679
0.375,-0.173,0.954,-18.188,-74.219,69.519
0.427,-0.175,0.923,-25.818,-82.581,66.284
0.424,-0.187,0.887,-32.410,-88.440,59.509
0.395,-0.199,0.860,-37.598,-91.492,50.476
0.374,-0.200,0.851,-39.246,-90.759,42.847
0.346,-0.197,0.863,-35.278,-87.036,38.086
0.304,-0.184,0.878,-27.161,-82.703,35.034
0.281,-0.159,0.907,-17.822,-79.895,34.485
0.264,-0.154,0.916,-11.536,-79.407,36.011
0.256,-0.157,0.922,-12.817,-80.811,37.903
0.254,-0.180,0.923,-23.010,-84.045,39.001
0.246,-0.211,0.912,-39.307,-87.341,38.269
0.247,-0.238,0.909,-55.969,-89.172,35.767
0.238,-0.254,0.901,-67.871,-89.233,31.067
0.192,-0.259,0.884,-72.266,-87.952,25.208
0.162,-0.241,0.868,-68.176,-86.243,19.348
0.145,-0.227,0.839,-58.533,-81.360,14.038
0.102,-0.220,0.801,-47.729,-75.134,8.667
0.045,-0.194,0.761,-40.100,-69.458,1.526
-0.021,-0.152,0.709,-35.339,-64.758,-8.667
-0.103,-0.092,0.651,-28.625,-61.279,-21.729
-0.157,-0.019,0.603,-15.747,-57.739,-31.738
-0.190,0.044,0.568,2.075,-50.903,-34.180
-0.224,0.076,0.553,18.799,-39.795,-30.151
-0.254,0.083,0.568,25.574,-27.466,-22.461
-0.284,0.063,0.597,16.907,-16.785,-14.771
-0.327,0.023,0.629,-4.089,-8.545,-9.277
-0.348,-0.007,0.684,-30.457,-0.793,-7.690
-0.352,-0.016,0.746,-52.124,5.554,-7.324
-0.353,-0.030,0.815,-64.453,9.705,-4.883
-0.337,-0.008,0.872,-66.528,12.634,-2.014
-0.312,-0.018,0.938,-62.317,12.695,-0.427
-0.250,-0.002,0.973,-54.077,10.498,1.465
-0.230,-0.001,0.991,-42.725,4.822,0.671
-0.260,-0.005,1.002,-30.396,-0.854,-2.502
-0.311,-0.010,1.018,-19.836,-4.333,-6.042
-0.362,-0.010,1.027,-13.062,-6.287,-10.254
-0.405,0.006,1.035,-11.047,-7.446,-14.343
-0.430,0.030,1.037,-12.146,-8.606,-16.907
-0.437,0.060,1.051,-15.747,-10.559,-17.883
-0.438,0.086,1.075,-21.423,-13.611,-16.357
-0.437,0.080,1.099,-27.100,-18.555,-12.512
-0.419,0.063,1.094,-30.884,-25.940,-7.141
-0.417,0.050,1.054,-32.227,-35.156,-3.967
-0.445,0.037,1.011,-29.663,-42.297,-4.639
-0.460,0.046,0.981,-23.621,-42.664,-7.202
-0.475,0.081,0.942,-16.052,-39.673,-10.254
-0.512,0.131,0.914,-8.850,-34.302,-14.160
-0.542,0.187,0.924,-1.526,-28.015,-18.188
-0.554,0.218,0.938,3.967,-23.682,-19.226
-0.539,0.235,0.959,4.150,-23.437,-15.381
-0.493,0.250,0.969,-2.014,-24.963,-9.583
-0.471,0.246,0.960,-10.071,-27.771,-3.479

-1.413,-0.457,0.807,37.842,33.447,40.283
-1.462,-0.553,0.816,35.950,40.710,37.109
-1.549,-0.662,0.837,36.133,50.232,33.325
-1.666,-0.768,0.850,37.109,56.702,26.672
-1.702,-0.862,0.839,37.048,56.580,17.029
-1.674,-0.884,0.819,36.377,49.927,6.714
-1.572,-0.914,0.822,41.260,39.734,-0.916
-1.425,-0.943,0.824,54.993,21.790,-3.906
-1.209,-0.954,0.815,79.712,0.183,0.305
-0.932,-1.014,0.620,117.249,-16.724,11.780
-0.518,-1.127,0.184,171.204,-26.794,26.367
-0.084,-1.161,-0.724,219.421,-17.761,39.185
0.588,-1.047,-1.091,245.178,56.946,32.043
1.208,-0.776,-1.274,218.079,138.611,4.395
1.763,-0.428,-1.171,115.967,208.435,-33.630
2.277,0.056,-0.747,-16.907,262.634,-69.336
2.575,0.508,-0.122,-118.896,299.866,-95.154
2.824,0.771,0.405,-167.908,321.167,-104.980
3.100,0.944,0.749,-165.161,328.003,-115.173
3.211,1.129,1.183,-125.061,330.872,-130.188
2.938,1.166,1.833,-52.307,341.431,-146.606
2.406,1.205,2.443,26.733,358.765,-162.598
1.641,1.350,2.924,80.750,351.562,-178.955
0.774,1.550,3.047,101.990,294.495,-190.369
-0.054,1.660,2.784,97.900,186.646,-181.396
-0.479,1.563,2.125,87.463,52.490,-135.559
-0.327,1.279,1.334,76.355,-51.941,-51.086
0.004,0.700,0.602,55.664,-98.999,47.180
0.306,-0.115,0.151,11.047,-113.464,118.835
0.584,-0.757,0.052,-52.185,-106.812,144.287
0.618,-1.223,0.123,-98.999,-85.388,134.521
0.652,-1.385,0.381,-95.398,-50.354,92.468
0.592,-1.217,0.586,-48.523,-4.639,41.321
0.464,-0.876,0.740,12.878,30.151,-8.545
0.335,-0.452,0.847,60.913,52.002,-45.288
0.238,-0.033,0.911,75.378,56.641,-59.937
0.067,0.250,1.008,61.157,41.992,-54.443
0.032,0.329,1.073,36.987,22.339,-31.982
0.084,0.225,1.105,12.695,4.089,0.916
0.159,-0.003,1.119,-10.193,-6.775,32.593
0.230,-0.292,1.091,-26.428,-13.184,54.138
0.334,-0.530,1.176,-32.898,-15.686,60.547
0.332,-0.678,1.179,-33.630,-18.250,54.871
0.289,-0.705,1.135,-26.733,-24.597,40.100
0.256,-0.637,1.025,-10.925,-27.649,22.705
0.221,-0.524,0.901,7.080,-26.428,8.728
0.179,-0.422,0.826,19.348,-20.752,0.061
0.163,-0.345,0.827,22.827,-12.634,-4.700
0.168,-0.283,0.895,19.409,-6.348,-8.972
0.150,-0.232,0.981,14.404,-3.540,-13.062
0.111,-0.190,1.022,10.620,-4.883,-15.442
0.084,-0.148,1.004,9.094,-9.033,-15.259
0.063,-0.119,0.946,7.263,-14.648,-11.902
0.061,-0.107,0.891,4.211,-19.470,-7.141
0.074,-0.100,0.871,-0.061,-21.423,-2.747
0.091,-0.082,0.860,-3.357,-21.301,-0.061
0.099,-0.046,0.877,-3.662,-19.165,1.282
0.120,0.012,0.903,0.854,-14.404,2.136
0.138,0.069,0.953,8.484,-7.874,2.319
0.116,0.108,1.005,16.113,-2.747,3.906
0.063,0.090,1.040,20.996,-2.441,10.010
0.015,-0.006,1.025,19.287,-9.888,21.851
0.039,-0.126,0.973,8.423,-25.269,36.865
0.111,-0.217,0.906,-7.874,-40.405,48.096
0.165,-0.282,0.859,-21.667,-47.852,52.246
0.204,-0.299,0.854,-27.832,-47.974,49.194
0.231,-0.259,0.878,-26.184,-41.992,42.297
0.242,-0.172,0.922,-19.226,-33.020,34.058
0.247,-0.074,0.965,-11.475,-26.489,26.428
0.248,0.004,0.994,-6.775,-24.231,21.667
0.226,0.053,1.022,-6.165,-25.940,20.935
0.198,0.073,1.048,-7.263,-32.043,24.170
0.167,0.028,1.048,-6.775,-40.405,30.884
0.163,-0.036,1.040,-4.272,-48.462,40.527
0.184,-0.100,1.020,-1.099,-54.199,51.025
0.215,-0.152,1.002,0.122,-58.716,58.838
0.261,-0.193,0.990,-1.770,-63.293,62.866
0.302,-0.210,0.975,-6.592,-67.627,63.049
0.331,-0.215,0.947,-12.329,-71.960,59.937
0.319,-0.217,0.908,-17.761,-77.026,54.688
0.281,-0.219,0.866,-21.606,-82.336,48.279
0.252,-0.223,0.832,-23.254,-85.571,41.809
0.213,-0.225,0.801,-21.057,-85.022,36.499
0.180,-0.232,0.806,-15.076,-81.909,32.410
0.161,-0.240,0.820,-7.935,-75.745,30.701
0.140,-0.246,0.839,-3.052,-69.031,30.579
0.095,-0.262,0.842,-2.014,-64.514,29.053
0.068,-0.266,0.854,-5.432,-61.951,26.611
0.044,-0.280,0.843,-11.536,-62.256,24.170
0.046,-0.276,0.826,-18.555,-63.171,22.766
0.050,-0.263,0.812,-24.231,-65.063,21.729
0.037,-0.254,0.807,-28.198,-66.956,20.630
0.006,-0.260,0.797,-31.677,-67.322,19.226
-0.036,-0.273,0.791,-35.767,-67.078,16.968
-0.109,-0.281,0.776,-40.894,-66.345,13.367
-0.171,-0.284,0.759,-44.739,-63.660,8.789
-0.211,-0.282,0.759,-44.983,-58.777,5.188
-0.215,-0.289,0.779,-42.786,-51.453,2.930
-0.203,-0.283,0.804,-42.542,-42.175,1.831
-0.191,-0.266,0.843,-45.288,-34.607,-0.488
-0.194,-0.234,0.898,-50.171,-31.433,-3.113
-0.227,-0.199,0.921,-55.481,-32.654,-4.761
-0.257,-0.158,0.920,-58.716,-35.889,-7.019
-0.297,-0.116,0.895,-58.960,-41.016,-8.606
-0.335,-0.082,0.879,-54.504,-43.274,-8.118
-0.345,-0.060,0.884,-47.180,-41.687,-5.676
-0.333,-0.036,0.900,-40.222,-39.001,-3.052
-0.307,-0.031,0.922,-34.912,-36.804,-1.343
-0.320,-0.024,0.936,-31.067,-35.217,-1.831
-0.349,-0.019,0.934,-28.748,-34.851,-5.005
-0.371,-0.008,0.933,-27.283,-34.546,-9.338
-0.412,0.014,0.931,-24.780,-33.508,-12.878
-0.455,0.037,0.933,-21.545,-31.921,-15.381
-0.458,0.051,0.936,-17.700,-30.579,-15.137
-0.447,0.061,0.934,-14.832,-30.762,-12.634
-0.406,0.064,0.929,-14.221,-32.593,-9.277
-0.416,0.046,0.914,-15.808,-36.133,-6.653
-0.421,0.011,0.910,-19.043,-38.818,-5.188
-0.448,-0.007,0.896,-24.780,-39.734,-5.554

2.056,-0.316,0.801,11.292,261.475,-85.693
2.341,-0.099,1.082,5.615,271.790,-110.229
2.432,0.133,1.409,7.935,273.987,-149.414
2.314,0.411,1.744,21.912,268.372,-193.481
2.000,0.821,2.053,42.603,255.554,-232.910
1.511,1.227,2.259,65.369,232.788,-259.399
0.937,1.627,2.364,79.895,192.078,-263.916
0.372,1.927,2.326,87.585,138.123,-241.699
-0.151,2.040,2.129,92.712,74.219,-190.491
-0.464,1.803,1.712,87.891,1.953,-112.488
-0.387,1.275,1.116,59.387,-69.214,-13.428
0.029,0.599,0.544,8.728,-125.610,85.144
0.473,-0.147,0.177,-51.392,-149.048,152.954
0.654,-0.814,0.072,-97.107,-135.559,175.232
0.627,-1.256,0.184,-110.352,-96.863,158.142
0.541,-1.433,0.369,-88.928,-54.626,116.638
0.465,-1.382,0.483,-50.171,-24.170,66.223
0.411,-1.184,0.516,-12.695,-4.883,20.325
0.357,-0.888,0.577,13.062,8.911,-15.564
0.277,-0.559,0.704,26.672,22.888,-41.504
0.162,-0.255,0.879,31.128,31.128,-53.528
0.072,-0.017,0.990,28.137,28.809,-51.025
0.036,0.115,1.033,18.738,17.944,-37.659
0.007,0.114,1.041,5.859,3.296,-17.578
0.016,0.014,1.022,-5.676,-10.986,4.761
0.067,-0.135,0.985,-11.719,-22.583,24.536
0.130,-0.303,0.943,-13.000,-31.067,38.635
0.191,-0.430,0.908,-11.719,-34.729,45.837
0.232,-0.480,0.884,-7.446,-32.654,44.312
0.229,-0.433,0.888,0.000,-26.062,36.011
0.183,-0.322,0.903,9.827,-16.785,25.574
0.118,-0.191,0.924,20.386,-8.728,16.663
0.091,-0.057,0.977,29.785,-3.357,12.878
0.032,-0.047,0.993,35.034,-3.296,17.334
0.018,-0.144,0.990,30.640,-9.705,29.358
0.059,-0.278,0.979,14.221,-22.400,42.419
0.126,-0.393,0.969,-7.202,-35.400,51.208
0.183,-0.470,0.959,-24.353,-43.152,53.650
0.218,-0.499,0.950,-32.532,-46.326,49.072
0.237,-0.456,0.932,-31.006,-44.861,39.124
0.231,-0.363,0.910,-21.667,-39.490,26.550
0.200,-0.255,0.886,-8.850,-33.691,13.855
0.168,-0.148,0.856,2.991,-29.236,4.028
0.160,-0.047,0.858,11.963,-25.146,-0.671
0.161,0.012,0.872,17.700,-21.484,-0.549
0.181,0.042,0.897,19.958,-18.005,3.235
0.221,0.050,0.948,17.944,-15.686,9.888
0.260,0.032,0.973,12.085,-14.160,17.700
0.265,0.010,1.012,2.441,-16.418,24.597
0.234,-0.024,1.040,-10.559,-23.926,31.311
0.201,-0.061,1.051,-24.841,-35.950,39.124
0.202,-0.110,1.046,-36.865,-48.645,47.241
0.220,-0.176,1.033,-43.945,-59.937,54.077
0.238,-0.238,1.021,-46.021,-68.054,59.753
0.253,-0.287,1.013,-44.006,-73.730,63.843
0.262,-0.317,0.982,-39.001,-78.918,65.613
0.256,-0.326,0.937,-32.715,-85.388,63.599
0.245,-0.307,0.880,-29.907,-92.896,57.373
0.231,-0.271,0.823,-30.701,-99.304,48.706
0.202,-0.239,0.768,-31.250,-102.661,40.771
0.166,-0.229,0.744,-30.945,-101.624,34.912
0.151,-0.216,0.745,-32.288,-97.961,31.250
0.134,-0.188,0.748,-35.400,-92.651,28.809
0.092,-0.165,0.778,-36.499,-87.280,26.489
0.047,-0.165,0.793,-35.461,-82.275,24.780
0.012,-0.172,0.793,-34.363,-78.125,23.621
-0.047,-0.179,0.770,-33.691,-74.768,20.996
-0.101,-0.185,0.741,-33.020,-71.289,16.174
-0.139,-0.179,0.717,-32.288,-66.956,10.864
-0.153,-0.169,0.722,-31.250,-61.951,6.714
-0.156,-0.152,0.750,-30.518,-55.786,4.150
-0.159,-0.137,0.788,-30.090,-50.110,2.319
-0.134,-0.129,0.831,-31.616,-46.509,0.061
-0.104,-0.107,0.879,-34.485,-44.861,-0.916
-0.111,-0.110,0.916,-35.767,-44.983,-2.014
-0.121,-0.132,0.928,-34.180,-46.997,-3.479
-0.148,-0.136,0.903,-29.907,-51.270,-5.310
-0.216,-0.116,0.862,-23.682,-54.993,-8.240
-0.289,-0.085,0.821,-14.832,-57.068,-11.841
-0.332,-0.062,0.781,-5.554,-56.763,-13.367
-0.341,-0.044,0.730,-0.549,-55.664,-12.085
-0.346,-0.042,0.689,-2.502,-55.847,-11.108
-0.348,-0.049,0.663,-11.230,-55.603,-11.230
-0.373,-0.065,0.645,-24.231,-54.260,-11.353
-0.390,-0.088,0.646,-37.537,-51.331,-10.864
-0.415,-0.119,0.649,-48.950,-47.180,-11.169
-0.486,-0.138,0.646,-57.251,-44.006,-13.489
-0.556,-0.148,0.648,-59.753,-40.161,-17.822
-0.606,-0.108,0.667,-56.763,-34.485,-21.912
-0.676,-0.039,0.719,-47.546,-28.381,-24.048
-0.713,-0.012,0.770,-33.691,-24.170,-22.766
-0.703,0.008,0.808,-22.095,-23.315,-17.517
-0.684,0.018,0.825,-17.456,-26.184,-13.062
-0.651,0.010,0.837,-19.409,-29.297,-11.597
-0.617,-0.006,0.852,-24.841,-29.785,-12.939
-0.648,-0.035,0.870,-31.128,-26.917,-16.602
-0.695,-0.067,0.902,-36.621,-20.996,-21.729
-0.717,-0.074,0.950,-40.466,-12.024,-26.550
-0.713,-0.036,1.010,-42.725,-3.479,-30.884
-0.733,0.007,1.071,-41.870,1.465,-34.912
-0.739,0.036,1.123,-38.147,2.197,-37.476
-0.698,0.074,1.125,-35.583,-1.343,-39.795
-0.704,0.119,1.097,-31.616,-9.644,-42.358
-0.710,0.172,1.038,-24.109,-19.531,-43.457
-0.737,0.217,0.958,-16.113,-27.954,-41.992
-0.753,0.257,0.881,-11.841,-33.264,-39.124
-0.742,0.297,0.817,-13.611,-34.607,-34.363
-0.759,0.302,0.771,-21.240,-33.020,-28.564
-0.763,0.302,0.752,-33.630,-28.503,-22.766
-0.767,0.298,0.761,-45.715,-20.264,-16.357
-0.768,0.287,0.791,-52.917,-9.888,-9.155
-0.757,0.285,0.813,-55.603,-0.366,-1.831
-0.757,0.257,0.846,-54.810,6.653,6.348
-0.765,0.198,0.885,-52.429,10.498,15.320
-0.770,0.133,0.923,-49.683,12.573,23.193
-0.758,0.078,0.954,-44.067,14.038,28.931
-0.737,0.025,0.974,-37.354,15.686,32.898
-0.733,-0.031,0.986,-31.006,17.273,35.645
-0.730,-0.089,1.006,-27.283,18.127,35.889

-1.022,-0.781,0.744,22.522,73.425,0.610
-0.937,-0.860,0.717,23.193,76.111,-6.653
-0.833,-0.915,0.677,27.161,75.623,-16.907
-0.740,-0.933,0.602,34.912,71.655,-29.053
-0.641,-0.996,0.507,45.837,67.139,-39.001
-0.480,-1.083,0.368,52.368,62.256,-44.922
-0.250,-1.169,0.140,52.185,53.040,-51.270
0.057,-1.157,-0.129,49.194,47.668,-63.904
0.490,-0.988,-0.382,49.194,55.908,-87.158
0.940,-0.687,-0.529,57.739,81.665,-120.117
1.330,-0.259,-0.570,74.646,125.000,-155.884
1.613,0.269,-0.531,91.858,177.002,-188.110
1.803,0.759,-0.375,97.412,227.234,-208.191
2.069,1.135,-0.079,85.083,267.761,-210.022
2.279,1.327,0.284,67.017,302.979,-193.726
2.335,1.316,0.756,67.200,336.609,-166.321
2.151,1.168,1.326,98.938,370.544,-138.000
1.721,0.804,1.952,149.109,398.071,-108.215
1.248,0.466,2.481,172.852,391.296,-79.712
0.831,0.238,2.654,138.977,324.036,-67.078
0.595,0.189,2.482,66.895,207.031,-72.571
0.466,0.193,2.060,4.150,84.229,-75.562
0.323,0.269,1.625,-25.269,-2.808,-63.354
0.194,0.282,1.129,-29.907,-48.950,-39.368
0.124,0.241,0.811,-32.776,-68.115,-6.897
0.178,0.065,0.627,-45.837,-70.618,27.222
0.200,-0.331,0.537,-55.115,-59.814,55.908
0.370,-0.672,0.620,-52.856,-40.771,74.829
0.431,-0.969,0.713,-37.231,-20.569,78.796
0.469,-1.108,0.851,-7.690,-9.644,61.890
0.478,-1.036,0.873,24.780,-2.808,35.095
0.448,-0.812,0.798,50.964,1.221,7.202
0.369,-0.525,0.720,60.242,4.150,-13.123
0.314,-0.268,0.744,48.157,4.883,-21.790
0.276,-0.103,0.858,25.208,4.883,-19.287
0.205,-0.062,1.000,5.249,5.737,-8.789
0.117,-0.148,1.118,-7.751,3.052,8.301
0.128,-0.278,1.103,-17.456,-6.836,28.137
0.171,-0.400,1.076,-25.024,-20.569,43.579
0.223,-0.500,1.044,-29.602,-33.142,51.331
0.258,-0.560,1.003,-29.724,-41.260,51.025
0.280,-0.564,0.964,-22.949,-44.800,43.274
0.249,-0.536,0.915,-10.498,-43.030,30.945
0.200,-0.503,0.874,1.099,-37.842,19.531
0.174,-0.452,0.869,7.141,-32.227,11.475
0.165,-0.385,0.886,7.935,-27.954,5.432
0.157,-0.299,0.920,5.066,-25.269,0.183
0.148,-0.208,0.955,3.357,-22.827,-3.479
0.132,-0.103,0.987,5.066,-20.386,-5.859
0.096,-0.037,1.010,10.559,-19.592,-5.554
0.038,-0.065,1.010,15.015,-20.935,0.061
-0.011,-0.178,0.977,9.644,-27.100,12.268
0.044,-0.271,0.925,-5.920,-38.696,25.940
0.117,-0.324,0.879,-22.827,-48.584,32.837
0.152,-0.339,0.863,-32.959,-51.392,31.616
0.169,-0.291,0.858,-34.607,-48.035,25.024
0.186,-0.184,0.851,-28.381,-41.016,15.015
0.198,-0.081,0.871,-15.137,-32.043,4.761
0.198,0.025,0.899,-0.488,-22.766,-2.441
0.180,0.114,0.926,10.010,-17.212,-6.226
0.173,0.169,0.970,13.916,-17.090,-5.554
0.166,0.187,1.015,11.047,-20.691,0.793
0.161,0.179,1.047,1.953,-26.245,10.559
0.145,0.136,1.043,-9.216,-33.142,21.851
0.112,0.037,1.055,-20.569,-40.833,34.241
0.094,-0.069,1.032,-33.875,-48.401,47.852
0.108,-0.155,1.011,-47.791,-56.396,59.387
0.142,-0.221,1.005,-57.434,-63.232,67.261
0.177,-0.279,1.030,-59.753,-69.153,71.777
0.237,-0.314,1.046,-54.321,-73.303,73.853
0.309,-0.324,1.037,-43.274,-76.416,72.205
0.355,-0.317,1.011,-29.236,-79.651,65.857
0.354,-0.296,0.972,-16.357,-83.801,56.702
0.313,-0.272,0.918,-9.338,-88.623,47.424
0.281,-0.246,0.856,-9.644,-92.590,40.222
0.246,-0.221,0.788,-15.137,-95.093,36.377
0.203,-0.209,0.737,-23.437,-96.436,34.363
0.168,-0.201,0.688,-32.166,-97.107,33.508
0.154,-0.189,0.633,-38.696,-96.313,33.997
0.134,-0.187,0.585,-39.978,-94.421,35.156
0.108,-0.194,0.542,-34.912,-91.187,36.621
0.089,-0.194,0.489,-24.536,-86.792,38.574
0.044,-0.204,0.456,-11.719,-81.299,40.588
0.028,-0.210,0.444,-0.305,-72.998,41.809
0.024,-0.212,0.449,8.484,-63.477,40.527
0.021,-0.193,0.470,14.404,-54.932,35.400
0.016,-0.167,0.515,16.602,-49.500,28.137
-0.001,-0.140,0.564,13.062,-46.997,21.179
-0.078,-0.099,0.610,3.845,-47.546,14.526
-0.163,-0.086,0.652,-6.592,-51.941,10.864
-0.226,-0.117,0.683,-14.221,-55.908,12.207
-0.272,-0.161,0.708,-20.325,-58.167,15.320
-0.294,-0.200,0.711,-28.198,-59.692,19.226
-0.323,-0.241,0.706,-39.185,-57.129,20.996
-0.354,-0.271,0.708,-51.453,-50.171,17.334
-0.406,-0.261,0.735,-64.331,-40.466,9.033
-0.445,-0.252,0.745,-74.219,-30.640,0.488
-0.483,-0.246,0.795,-77.515,-19.409,-7.141
-0.522,-0.240,0.860,-74.829,-10.132,-11.597
-0.497,-0.252,0.910,-70.007,-5.005,-12.268
-0.525,-0.218,0.941,-65.979,-4.456,-12.817
-0.583,-0.243,0.960,-61.890,-3.662,-15.808
-0.645,-0.266,0.991,-58.350,1.038,-19.836
-0.729,-0.246,1.024,-57.007,8.545,-25.269
-0.820,-0.187,1.075,-56.335,16.541,-33.386
-0.886,-0.121,1.140,-54.626,23.254,-39.856
-0.893,-0.085,1.202,-51.636,25.513,-41.687
-0.845,-0.040,1.260,-50.476,21.851,-40.283
-0.759,-0.015,1.294,-51.941,13.000,-38.696
-0.673,0.023,1.288,-52.856,2.869,-36.438
-0.603,0.027,1.276,-51.025,-7.202,-35.400
-0.572,0.020,1.242,-46.997,-17.395,-35.034
-0.548,0.007,1.195,-41.565,-26.306,-34.485
-0.546,-0.002,1.128,-34.546,-32.715,-34.729
-0.592,0.003,1.060,-27.100,-35.828,-36.682
-0.606,0.031,1.028,-20.142,-33.142,-39.490
-0.628,0.097,1.028,-15.259,-30.823,-39.978
-0.664,0.154,1.022,-12.573,-32.593,-38.269
-0.662,0.204,0.989,-11.780,-33.997,-35.156

-0.884,-0.212,1.405,90.393,66.650,44.739
-0.826,-0.246,1.389,93.750,59.692,42.419
-0.771,-0.271,1.357,97.534,52.917,39.368
-0.765,-0.312,1.311,102.722,47.607,34.302
-0.787,-0.353,1.259,109.070,45.349,28.442
-0.808,-0.377,1.206,114.197,47.058,22.583
-0.867,-0.396,1.155,114.319,50.842,15.198
-0.929,-0.455,1.094,106.079,54.688,6.653
-0.934,-0.493,1.034,87.830,57.678,-1.770
-0.949,-0.529,0.966,65.369,57.861,-10.742
-0.990,-0.596,0.889,49.316,59.326,-20.752
-0.986,-0.682,0.818,43.457,63.904,-28.137
-0.975,-0.803,0.747,41.626,69.458,-34.790
-0.973,-0.938,0.705,38.818,73.975,-44.800
-0.852,-1.004,0.651,33.630,76.782,-60.181
-0.731,-0.992,0.564,25.269,73.730,-80.322
-0.630,-0.971,0.441,17.395,66.956,-101.868
-0.442,-0.927,0.295,12.024,60.669,-119.324
-0.270,-0.868,0.133,9.277,55.420,-130.798
-0.084,-0.786,-0.019,8.606,54.810,-138.550
0.275,-0.564,-0.140,11.719,59.570,-141.479
0.742,-0.309,-0.236,23.376,68.298,-138.428
1.234,-0.115,-0.258,43.152,82.336,-130.432
1.819,0.078,-0.217,60.486,105.286,-120.422
2.419,0.333,-0.134,65.125,134.399,-109.070
2.923,0.601,0.050,60.425,173.340,-95.642
3.164,0.760,0.365,54.565,223.206,-85.876
3.125,0.841,0.876,47.058,276.794,-90.698
2.782,0.984,1.479,32.776,316.772,-125.488
2.138,1.183,2.008,12.512,322.021,-183.716
1.449,1.497,2.477,-3.967,282.898,-233.887
0.819,1.870,2.604,4.272,218.811,-258.362
0.117,2.024,2.501,53.101,141.663,-242.798
-0.421,1.885,2.174,124.390,58.044,-182.312
-0.520,1.592,1.646,165.771,-26.123,-86.487
-0.241,1.100,0.970,144.897,-109.863,18.982
0.188,0.417,0.290,66.162,-178.894,108.459
0.484,-0.266,-0.146,-36.011,-213.562,165.100
0.632,-0.825,-0.232,-109.680,-197.876,182.007
0.655,-1.184,-0.073,-125.671,-137.573,163.452
0.653,-1.327,0.216,-93.689,-64.819,122.559
0.584,-1.289,0.499,-44.556,-3.784,70.984
0.509,-1.093,0.739,-5.249,39.612,22.583
0.427,-0.804,0.900,12.939,63.232,-13.428
0.274,-0.491,1.020,16.174,67.627,-35.889
0.178,-0.204,1.087,10.620,56.885,-42.969
0.092,-0.021,1.073,1.465,32.959,-35.950
0.078,0.082,1.010,-7.690,4.517,-20.020
0.079,0.062,0.963,-14.648,-19.653,-1.709
0.121,-0.028,0.928,-19.226,-35.278,16.846
0.169,-0.126,0.898,-22.034,-42.297,33.203
0.196,-0.241,0.882,-24.170,-45.288,45.166
0.226,-0.330,0.872,-27.588,-48.035,50.842
0.264,-0.349,0.853,-32.410,-49.927,50.171
0.288,-0.301,0.852,-33.081,-47.485,45.105
0.312,-0.213,0.872,-27.283,-39.124,37.720
0.320,-0.088,0.895,-18.799,-29.114,29.602
0.326,0.037,0.901,-9.338,-20.386,22.705
0.339,0.139,0.912,-0.610,-14.893,18.555
0.360,0.180,0.924,6.226,-13.123,17.761
0.337,0.159,0.942,7.874,-15.198,20.813
0.324,0.112,0.962,1.770,-21.240,26.367
0.371,0.085,0.958,-6.470,-29.297,32.227
0.460,0.057,0.945,-10.864,-36.072,37.354
0.529,0.041,0.942,-10.742,-40.466,40.894
0.559,0.048,0.954,-8.789,-42.908,42.908
0.568,0.050,0.956,-8.667,-46.814,44.373
0.581,0.027,0.934,-12.817,-55.664,47.668
0.562,-0.013,0.894,-20.996,-68.787,52.246
0.568,-0.053,0.839,-30.640,-80.933,55.664
0.567,-0.096,0.769,-36.682,-88.684,56.702
0.525,-0.151,0.724,-35.217,-92.102,56.213
0.465,-0.189,0.705,-29.114,-92.529,55.420
0.434,-0.205,0.699,-22.827,-91.309,54.932
0.435,-0.198,0.692,-20.447,-89.844,56.030
0.428,-0.182,0.690,-25.208,-88.867,57.434
0.407,-0.181,0.683,-36.926,-90.088,56.946
0.357,-0.194,0.668,-52.979,-92.957,55.542
0.256,-0.204,0.688,-68.054,-95.093,52.979
0.156,-0.229,0.723,-77.515,-95.642,50.049
0.064,-0.240,0.727,-79.285,-95.825,44.373
-0.020,-0.225,0.721,-74.951,-95.032,35.645
-0.061,-0.212,0.713,-67.566,-93.994,26.489
-0.072,-0.175,0.697,-59.937,-93.750,19.287
-0.101,-0.135,0.678,-54.138,-92.285,12.573
-0.118,-0.112,0.675,-51.208,-90.271,4.822
-0.099,-0.062,0.668,-51.453,-88.074,-2.075
-0.183,0.012,0.679,-49.377,-84.961,-6.897
-0.300,0.009,0.722,-42.480,-77.881,-11.108
-0.370,-0.009,0.779,-38.879,-68.848,-13.489
-0.391,-0.036,0.802,-45.044,-62.256,-16.418
-0.383,-0.034,0.806,-58.044,-57.678,-23.193
-0.362,-0.009,0.792,-71.228,-55.115,-33.508
-0.394,0.023,0.770,-77.576,-52.490,-43.884
-0.426,0.069,0.762,-74.585,-49.011,-53.467
-0.452,0.140,0.731,-63.293,-46.143,-60.425
-0.556,0.186,0.708,-43.579,-41.809,-64.270
-0.653,0.191,0.700,-23.804,-33.508,-66.833
-0.721,0.201,0.700,-16.602,-24.841,-70.007
-0.774,0.247,0.711,-23.926,-16.785,-74.829
-0.825,0.303,0.737,-36.743,-9.766,-79.468
-0.870,0.344,0.776,-46.326,-4.639,-80.688
-0.889,0.363,0.822,-49.561,-0.183,-77.148
-0.940,0.388,0.858,-44.434,4.700,-70.313
-1.011,0.365,0.892,-31.860,9.644,-60.242
-1.075,0.354,0.911,-18.188,15.503,-46.997
-1.082,0.375,0.941,-9.766,23.132,-34.180
-1.064,0.420,0.997,-9.216,33.936,-23.682
-1.034,0.442,1.086,-17.517,46.509,-14.343
-0.966,0.444,1.186,-34.180,58.044,-4.639
-0.891,0.408,1.297,-53.650,67.566,3.418
-0.809,0.362,1.408,-68.726,73.975,9.399
-0.712,0.324,1.496,-74.036,76.843,13.733
-0.628,0.310,1.589,-66.406,76.172,18.616
-0.550,0.276,1.630,-47.913,70.862,23.987
-0.476,0.250,1.663,-25.391,60.547,27.527
-0.396,0.247,1.645,-5.066,46.692,29.480
-0.372,0.257,1.586,9.460,28.259,28.442
-0.369,0.263,1.491,18.066,7.629,23.926

1.884,-0.911,-0.721,61.829,38.208,-44.250
2.418,-0.706,-0.440,81.177,138.733,-77.148
2.852,-0.459,-0.021,91.919,233.093,-113.159
3.153,-0.197,0.496,85.205,297.119,-148.926
3.337,0.071,1.089,68.542,334.351,-186.523
3.293,0.454,1.819,58.350,353.333,-230.103
2.914,1.075,2.490,71.960,366.699,-274.475
2.072,1.811,3.038,97.961,364.014,-306.885
0.885,2.485,3.334,108.337,308.472,-326.965
-0.165,2.779,3.187,98.083,190.247,-315.979
-0.733,2.657,2.638,89.661,37.659,-246.155
-0.730,2.196,1.757,90.515,-94.910,-112.915
-0.299,1.401,0.916,79.529,-188.416,47.852
0.383,0.389,0.160,24.414,-239.136,184.387
0.776,-0.743,-0.265,-69.946,-241.577,254.944
0.952,-1.637,-0.217,-159.851,-204.041,253.601
0.969,-2.110,0.063,-194.519,-121.399,201.111
0.881,-2.146,0.412,-155.151,-36.072,117.004
0.691,-1.815,0.704,-70.313,19.043,23.865
0.545,-1.159,0.846,15.320,51.758,-50.232
0.341,-0.485,0.917,70.313,68.359,-97.412
0.124,0.088,1.035,87.891,71.106,-111.877
-0.009,0.514,1.138,75.317,56.946,-96.313
-0.102,0.664,1.176,49.988,29.907,-63.171
-0.079,0.504,1.149,19.348,-0.732,-18.677
0.049,0.239,1.055,-15.320,-28.381,26.855
0.217,-0.086,0.978,-45.288,-47.241,58.350
0.323,-0.400,0.938,-60.730,-55.481,71.106
0.365,-0.610,0.904,-56.213,-52.917,69.458
0.355,-0.684,0.891,-34.424,-42.542,56.519
0.318,-0.620,0.902,-8.240,-28.687,38.574
0.258,-0.446,0.912,11.108,-15.747,21.729
0.197,-0.230,0.923,20.996,-6.470,9.033
0.151,-0.042,0.902,24.414,-1.038,2.319
0.138,0.115,0.897,23.926,1.099,0.854
0.129,0.243,0.920,21.912,0.183,3.784
0.097,0.276,0.959,18.311,-4.211,11.414
0.034,0.146,0.969,10.620,-12.756,26.245
0.077,-0.021,0.935,-9.460,-28.320,48.157
0.203,-0.150,0.902,-37.048,-44.006,66.223
0.303,-0.252,0.905,-57.190,-52.368,73.059
0.371,-0.285,0.927,-64.880,-52.124,69.885
0.415,-0.226,0.936,-65.002,-47.485,60.059
0.440,-0.095,0.927,-59.387,-42.114,46.936
0.460,0.050,0.896,-48.950,-36.804,35.583
0.479,0.136,0.859,-36.255,-33.691,29.114
0.472,0.193,0.849,-22.278,-31.738,28.137
0.488,0.218,0.841,-7.141,-30.457,32.593
0.523,0.218,0.857,5.188,-31.006,43.457
0.580,0.184,0.882,8.362,-37.476,55.176
0.658,0.145,0.879,-2.319,-52.795,62.866
0.728,0.110,0.853,-23.193,-72.144,66.101
0.750,0.044,0.822,-44.495,-90.149,66.406
0.738,-0.034,0.797,-59.875,-103.760,65.613
0.676,-0.124,0.782,-66.345,-111.694,63.110
0.614,-0.200,0.762,-64.941,-115.234,58.533
0.576,-0.229,0.735,-58.105,-117.554,54.138
0.565,-0.208,0.676,-48.462,-118.469,50.842
0.552,-0.180,0.638,-38.940,-117.920,48.767
0.554,-0.132,0.608,-34.912,-116.821,47.668
0.515,-0.067,0.593,-40.100,-116.577,45.593
0.385,-0.052,0.583,-50.476,-115.845,43.396
0.303,-0.068,0.556,-63.416,-114.685,40.649
0.174,-0.074,0.562,-78.247,-111.572,35.706
0.042,-0.087,0.614,-88.745,-104.553,30.090
-0.073,-0.122,0.686,-94.543,-95.703,26.367
-0.116,-0.153,0.755,-97.229,-88.928,22.400
-0.111,-0.148,0.787,-95.398,-86.670,15.625
-0.185,-0.101,0.784,-86.670,-86.792,4.517
-0.264,-0.066,0.773,-69.214,-85.571,-8.118
-0.345,-0.023,0.767,-47.791,-81.360,-17.578
-0.484,0.026,0.792,-28.992,-73.853,-24.109
-0.615,0.050,0.844,-16.235,-63.660,-28.076
-0.675,0.053,0.894,-14.404,-54.321,-30.151
-0.673,0.058,0.915,-26.489,-50.293,-34.729
-0.674,0.086,0.921,-45.898,-50.659,-42.236
-0.690,0.082,0.911,-62.317,-52.002,-48.828
-0.724,0.093,0.896,-71.411,-54.077,-54.871
-0.809,0.125,0.887,-68.909,-54.688,-60.852
-0.884,0.176,0.887,-53.589,-52.002,-65.369
-0.956,0.245,0.897,-31.799,-47.424,-67.566
-0.999,0.331,0.907,-10.559,-40.955,-67.993
-1.029,0.422,0.914,5.249,-35.034,-66.833
-1.022,0.481,0.914,12.634,-32.166,-62.805
-1.002,0.502,0.919,11.963,-31.189,-53.833
-1.002,0.497,0.933,5.371,-31.372,-41.809
-1.025,0.444,0.942,-4.272,-31.555,-28.259
-1.050,0.399,0.932,-13.977,-29.297,-15.564
-1.063,0.393,0.944,-20.386,-25.085,-5.493
-1.048,0.394,0.965,-21.362,-19.775,1.770
-1.017,0.369,0.983,-20.203,-14.099,8.484
-0.949,0.323,1.002,-20.264,-9.888,15.381
-0.857,0.269,1.037,-23.376,-8.545,21.423
-0.780,0.231,1.064,-25.940,-9.460,25.085
-0.720,0.209,1.071,-23.987,-11.414,26.428
-0.674,0.205,1.068,-16.235,-14.099,26.978
-0.655,0.197,1.064,-5.676,-16.541,27.527
-0.658,0.166,1.051,2.747,-18.921,28.625
-0.664,0.132,1.027,4.395,-21.301,28.137
-0.678,0.123,0.992,-0.549,-24.048,24.902
-0.693,0.130,0.963,-6.042,-26.001,22.034
-0.696,0.124,0.941,-8.484,-27.649,20.508
-0.668,0.123,0.900,-9.338,-29.785,19.775
-0.635,0.135,0.855,-7.263,-31.616,19.775
-0.614,0.142,0.820,-0.977,-31.677,20.447
-0.605,0.133,0.794,5.127,-30.212,21.484
-0.604,0.124,0.786,8.362,-28.381,21.667
-0.592,0.119,0.776,6.348,-27.588,20.081
-0.592,0.116,0.754,1.709,-27.710,16.602
-0.600,0.113,0.734,-1.648,-27.588,12.024
-0.603,0.128,0.709,-1.587,-27.161,8.301
-0.613,0.150,0.687,2.014,-25.879,6.653
-0.607,0.170,0.676,6.775,-23.865,7.263
-0.591,0.186,0.660,9.216,-22.339,9.094
-0.573,0.198,0.645,9.033,-20.325,11.169
-0.555,0.204,0.641,6.470,-16.602,13.245
-0.545,0.195,0.640,1.953,-11.597,14.893
-0.535,0.176,0.651,-3.357,-5.493,15.625
-0.527,0.160,0.667,-8.301,-0.305,14.893

-1.660,-0.039,0.858,54.138,107.239,17.151
-1.741,-0.147,0.822,46.387,102.234,20.630
-1.875,-0.312,0.790,34.912,92.346,24.780
-1.927,-0.506,0.786,22.522,79.468,26.672
-1.865,-0.736,0.755,16.663,59.570,25.940
-1.686,-1.041,0.715,26.428,34.241,25.146
-1.364,-1.375,0.556,60.059,8.911,23.315
-0.963,-1.612,0.313,120.361,-8.972,15.991
-0.463,-1.670,-0.206,204.407,-7.263,6.348
0.243,-1.596,-0.901,283.203,20.813,-3.296
1.075,-1.362,-1.425,309.631,77.820,-22.278
2.021,-1.012,-1.581,265.991,162.109,-50.293
2.906,-0.478,-1.372,158.997,261.292,-80.017
3.662,0.129,-0.786,13.550,343.872,-113.647
4.000,0.616,0.057,-121.765,393.066,-144.775
4.000,0.875,1.137,-200.684,413.452,-169.373
4.000,0.959,2.111,-197.876,425.293,-189.636
3.456,1.182,3.188,-107.849,430.664,-214.905
2.228,1.692,3.989,44.983,425.293,-240.479
0.753,2.420,4.000,179.810,365.112,-250.427
-0.383,2.864,3.996,242.187,221.680,-234.741
-0.915,2.676,3.014,228.882,27.832,-162.537
-0.462,1.955,1.527,169.678,-144.287,-26.672
0.319,0.703,0.188,79.163,-256.348,123.474
0.946,-0.667,-0.638,-37.781,-283.325,216.858
0.919,-1.554,-0.727,-140.747,-234.924,224.365
0.822,-1.867,-0.395,-166.443,-137.146,162.415
0.573,-1.791,-0.012,-111.389,-38.696,75.134
0.431,-1.354,0.374,-21.484,35.339,-4.028
0.320,-0.757,0.721,48.584,94.910,-50.598
0.155,-0.220,1.091,82.886,120.483,-79.224
0.009,0.252,1.329,79.712,110.229,-83.862
-0.178,0.549,1.401,52.002,65.613,-62.927
-0.152,0.552,1.308,22.278,12.573,-26.672
-0.076,0.312,1.166,4.578,-22.278,13.489
0.074,-0.084,0.994,-3.784,-36.621,47.729
0.197,-0.518,0.929,-16.357,-40.039,67.261
0.296,-0.864,0.959,-28.198,-35.645,67.200
0.319,-0.997,1.000,-31.067,-28.564,49.622
0.270,-0.895,0.985,-22.705,-20.691,21.667
0.178,-0.625,0.919,-4.761,-11.841,-3.845
0.070,-0.334,0.851,12.756,-2.869,-20.325
-0.010,-0.105,0.865,23.193,3.906,-27.527
-0.076,-0.005,0.952,25.513,9.277,-24.170
-0.062,-0.015,1.073,22.888,11.719,-14.038
-0.015,-0.056,1.147,17.700,6.531,-4.944
0.005,-0.085,1.151,12.390,-2.075,0.916
0.008,-0.111,1.102,8.728,-12.146,5.188
0.007,-0.144,1.017,6.165,-22.339,9.094
0.037,-0.170,0.940,2.563,-29.968,13.123
0.058,-0.187,0.900,-1.282,-33.691,15.198
0.076,-0.155,0.895,-3.113,-32.898,15.320
0.091,-0.088,0.902,-0.610,-29.480,14.404
0.085,-0.012,0.926,2.686,-26.001,12.939
0.067,0.060,0.982,3.235,-23.315,13.245
0.072,0.102,1.055,2.197,-22.705,17.517
0.076,0.077,1.114,1.648,-23.743,25.452
0.109,0.016,1.136,1.892,-28.320,34.790
0.115,-0.099,1.117,3.418,-39.551,43.030
0.167,-0.177,1.062,7.263,-53.162,48.584
0.249,-0.214,1.000,11.047,-63.599,50.354
0.326,-0.201,0.948,13.184,-68.542,48.462
0.370,-0.146,0.928,11.047,-67.383,44.067
0.403,-0.047,0.955,5.127,-63.965,38.208
0.427,0.053,0.990,-2.441,-62.805,34.729
0.432,0.089,1.018,-10.803,-65.735,36.316
0.427,0.065,1.031,-21.851,-72.998,43.213
0.402,-0.008,0.997,-36.682,-85.510,52.185
0.372,-0.083,0.913,-50.659,-101.746,59.631
0.398,-0.139,0.827,-59.143,-117.554,64.270
0.469,-0.190,0.746,-58.899,-126.526,67.322
0.543,-0.247,0.704,-54.138,-127.930,67.810
0.641,-0.270,0.699,-50.964,-124.084,64.575
0.728,-0.251,0.738,-52.795,-116.211,57.678
0.687,-0.229,0.786,-58.594,-109.192,46.387
0.535,-0.208,0.807,-65.125,-105.408,33.142
0.379,-0.174,0.840,-71.960,-105.286,20.996
0.253,-0.125,0.858,-77.698,-109.070,13.855
0.189,-0.118,0.839,-78.491,-113.892,13.306
0.130,-0.141,0.777,-77.942,-119.263,12.695
0.065,-0.148,0.681,-79.834,-123.169,7.874
0.027,-0.119,0.608,-79.102,-122.742,4.150
-0.060,-0.109,0.543,-75.073,-118.408,4.150
-0.184,-0.170,0.499,-72.205,-111.633,7.141
-0.238,-0.226,0.480,-78.674,-104.248,9.705
-0.247,-0.252,0.474,-94.666,-99.487,7.935
-0.286,-0.282,0.475,-113.403,-97.778,-0.244
-0.342,-0.283,0.482,-130.737,-97.351,-12.878
-0.367,-0.247,0.487,-139.282,-96.130,-26.550
-0.465,-0.208,0.466,-131.165,-92.285,-37.537
-0.597,-0.153,0.460,-109.497,-84.412,-44.861
-0.673,-0.095,0.458,-84.534,-74.097,-49.011
-0.769,-0.018,0.458,-66.040,-62.195,-53.284
-0.865,0.034,0.474,-58.228,-50.903,-61.157
-0.920,0.090,0.496,-58.533,-41.382,-69.641
-0.964,0.192,0.524,-60.608,-32.959,-75.317
-1.040,0.294,0.573,-54.626,-21.362,-74.829
-1.139,0.352,0.658,-39.001,-6.775,-64.636
-1.245,0.349,0.724,-23.437,5.920,-46.753
-1.307,0.348,0.792,-19.165,18.188,-29.968
-1.326,0.360,0.886,-29.236,30.579,-18.433
-1.318,0.356,1.014,-46.326,39.307,-11.353
-1.272,0.323,1.152,-61.401,41.626,-6.042
-1.186,0.288,1.266,-70.435,39.307,-0.916
-1.109,0.257,1.335,-68.542,32.104,4.883
-1.011,0.240,1.354,-54.138,20.264,11.780
-1.002,0.227,1.309,-30.029,6.714,17.700
-1.002,0.235,1.223,-3.357,-5.371,18.494
-0.996,0.271,1.130,17.761,-16.907,14.648
-0.975,0.294,1.057,31.555,-27.344,11.353
-0.917,0.287,0.996,34.607,-35.095,10.925
-0.858,0.270,0.930,25.513,-39.917,11.230
-0.802,0.265,0.890,10.925,-42.847,12.573
-0.754,0.247,0.855,-1.282,-43.030,15.076
-0.728,0.209,0.831,-8.545,-41.016,17.273
-0.727,0.173,0.812,-11.536,-38.391,19.043
-0.765,0.138,0.796,-11.353,-35.645,20.813
-0.775,0.116,0.783,-9.583,-34.119,22.400
-0.781,0.102,0.759,-6.897,-34.607,23.621

1.974,0.428,0.930,105.591,264.465,-200.989
1.910,0.595,1.365,114.502,293.823,-205.444
1.715,0.695,1.803,132.874,302.795,-200.012
1.476,0.913,2.118,160.950,296.753,-191.833
1.219,1.152,2.371,193.542,281.616,-183.105
0.846,1.373,2.555,217.102,252.380,-173.401
0.346,1.585,2.538,211.243,200.134,-161.133
-0.098,1.642,2.314,172.302,120.422,-140.381
-0.338,1.515,1.867,112.854,27.283,-98.572
-0.302,1.162,1.310,50.781,-49.011,-31.921
-0.101,0.597,0.887,1.770,-97.046,42.297
0.161,0.011,0.639,-32.471,-110.779,97.839
0.234,-0.478,0.503,-45.532,-98.328,119.873
0.245,-0.769,0.473,-34.729,-76.416,110.840
0.229,-0.831,0.459,-12.207,-54.993,82.947
0.212,-0.713,0.487,11.353,-34.241,50.720
0.133,-0.527,0.559,28.687,-13.428,25.085
0.072,-0.359,0.674,33.142,3.906,10.925
0.047,-0.248,0.801,23.743,14.221,7.568
0.003,-0.203,0.901,5.127,14.648,11.658
0.019,-0.164,0.955,-15.381,7.324,19.287
0.022,-0.159,0.976,-31.494,-3.479,26.672
0.031,-0.130,0.963,-41.321,-11.841,31.677
0.033,-0.083,0.957,-45.410,-18.372,33.325
0.046,-0.013,0.969,-43.762,-23.376,33.997
0.058,0.070,0.990,-36.194,-25.208,34.668
0.076,0.146,1.024,-24.048,-25.269,35.706
0.098,0.210,1.066,-11.047,-25.146,38.879
0.140,0.241,1.110,-0.305,-23.621,46.021
0.198,0.245,1.153,4.456,-20.813,56.213
0.257,0.225,1.177,0.061,-20.508,65.552
0.284,0.196,1.195,-11.963,-25.330,73.242
0.312,0.157,1.206,-25.635,-34.485,79.956
0.354,0.107,1.207,-36.926,-45.044,86.060
0.381,0.055,1.184,-45.044,-55.664,89.966
0.393,0.010,1.144,-51.819,-66.101,89.539
0.371,-0.032,1.096,-56.580,-76.050,87.402
0.318,-0.082,1.054,-58.167,-85.571,85.449
0.285,-0.127,1.012,-57.861,-95.703,83.801
0.290,-0.153,0.961,-55.115,-103.027,82.642
0.304,-0.163,0.911,-49.133,-107.239,81.238
0.312,-0.166,0.853,-43.579,-109.619,78.491
0.310,-0.151,0.780,-40.222,-109.985,75.806
0.280,-0.128,0.710,-38.452,-109.131,74.158
0.205,-0.132,0.645,-37.292,-106.873,72.754
0.136,-0.145,0.629,-37.231,-104.736,72.021
0.088,-0.141,0.613,-39.795,-103.271,72.388
0.011,-0.162,0.595,-45.044,-102.356,71.716
-0.048,-0.181,0.580,-51.758,-99.854,70.801
-0.118,-0.196,0.553,-58.777,-95.093,68.970
-0.162,-0.210,0.527,-63.843,-90.332,64.758
-0.199,-0.212,0.501,-65.552,-83.740,60.791
-0.247,-0.189,0.482,-63.660,-74.158,57.617
-0.294,-0.170,0.488,-58.960,-62.073,55.481
-0.353,-0.170,0.515,-54.260,-50.476,53.406
-0.421,-0.177,0.553,-53.467,-42.114,51.514
-0.492,-0.184,0.594,-57.068,-36.072,50.354
-0.542,-0.189,0.640,-64.026,-31.555,49.683
-0.568,-0.176,0.693,-71.594,-28.687,49.500
-0.597,-0.150,0.746,-78.125,-28.381,49.133
-0.594,-0.127,0.800,-82.703,-28.564,49.561
-0.570,-0.131,0.822,-82.886,-28.564,51.880
-0.536,-0.166,0.819,-77.820,-26.733,53.589
-0.528,-0.181,0.828,-68.115,-23.987,50.537
-0.562,-0.167,0.829,-56.152,-19.348,42.175
-0.632,-0.114,0.850,-42.908,-13.489,31.555
-0.680,-0.040,0.875,-29.480,-7.202,22.156
-0.685,0.026,0.892,-18.127,-1.709,17.029
-0.648,0.073,0.916,-8.972,1.770,15.564
-0.593,0.102,0.934,-2.075,3.662,17.029
-0.555,0.125,0.959,2.625,5.981,18.799
-0.551,0.119,0.969,7.202,9.399,21.057
-0.536,0.087,0.964,11.902,13.916,24.963
-0.537,0.051,0.940,14.832,16.846,27.649
-0.543,0.047,0.907,13.000,18.250,25.940
-0.585,0.070,0.877,9.277,18.738,20.142
-0.652,0.091,0.862,5.676,17.029,12.512
-0.681,0.113,0.841,1.648,12.878,6.470
-0.699,0.123,0.847,-2.197,8.057,4.028
-0.694,0.109,0.855,-4.761,4.639,6.104
-0.650,0.062,0.865,-4.333,1.953,11.047
-0.573,0.029,0.862,-4.028,0.061,15.686
-0.540,0.013,0.847,-4.456,-1.343,16.418
-0.579,0.019,0.863,-6.104,-2.441,14.771
-0.630,0.025,0.836,-11.353,-3.418,13.489
-0.678,0.018,0.825,-15.015,-7.935,14.099
-0.730,0.000,0.811,-19.043,-14.526,16.296
-0.687,0.014,0.837,-28.931,-12.817,21.362
-0.605,-0.049,0.839,-37.659,-5.310,25.574
-0.645,-0.075,0.800,-37.109,-10.254,27.832
-0.609,-0.049,0.853,-39.063,-2.808,29.480
-0.651,-0.026,0.882,-38.452,6.897,29.724
-0.657,-0.017,0.939,-35.217,12.817,31.311
-0.647,-0.004,0.990,-31.189,18.188,35.706
-0.649,-0.010,1.021,-28.442,21.179,39.307
-0.663,-0.025,1.032,-25.879,21.484,41.077
-0.653,-0.055,1.052,-23.132,24.719,42.175
-0.632,-0.087,1.084,-18.860,29.541,41.809
-0.627,-0.094,1.118,-13.550,32.532,37.720
-0.630,-0.086,1.140,-6.653,34.607,31.616
-0.615,-0.059,1.137,0.366,34.851,25.635
-0.587,-0.026,1.105,4.578,31.738,20.935
-0.586,0.010,1.090,4.700,26.672,16.968
-0.566,0.039,1.078,2.014,22.461,14.282
-0.547,0.082,1.058,-0.671,18.677,15.015
-0.551,0.096,1.064,2.625,14.099,18.555
-0.479,0.101,1.055,9.399,10.254,24.109
-0.534,0.125,0.995,18.250,5.615,31.494
-0.501,0.080,0.982,24.475,4.761,37.170
-0.478,0.083,0.906,27.161,5.615,38.452
-0.490,0.068,0.951,30.579,4.028,38.147
-0.481,0.093,0.871,26.794,6.653,37.170
-0.490,0.083,0.941,23.682,8.362,37.537
-0.498,0.084,0.906,15.808,11.597,38.696
-0.483,0.084,0.877,5.066,16.724,40.894
-0.450,0.079,0.846,-1.648,19.409,44.922
-0.460,0.035,0.887,-4.639,20.264,49.438
-0.445,0.009,0.876,-12.329,25.635,52.429
-0.425,0.013,0.841,-21.912,31.616,53.833

-0.616,0.247,1.595,-70.557,49.255,-42.725
-0.143,0.092,1.330,-55.786,42.236,-44.861
-0.101,-0.011,1.067,-16.235,25.513,-41.809
-0.202,-0.024,1.096,5.676,15.137,-40.283
-0.204,-0.176,1.086,15.442,1.587,-35.767
-0.188,-0.145,1.042,19.470,-8.667,-20.813
-0.237,-0.025,1.003,21.790,-14.771,-5.981
-0.311,0.077,0.954,21.667,-16.846,0.244
-0.340,0.134,0.888,16.541,-16.785,-0.183
-0.359,0.123,0.859,9.460,-18.372,-3.418
-0.366,0.120,0.900,2.319,-18.005,-8.057
-0.365,0.062,0.901,-3.113,-14.648,-13.550
-0.351,0.003,0.906,-5.859,-11.108,-13.672
-0.315,-0.018,0.930,-5.005,-7.263,-10.681
-0.314,0.002,0.929,-2.930,-4.150,-5.249
-0.316,0.015,0.904,-0.793,-1.709,0.732
-0.316,0.080,0.894,0.122,1.099,6.653
-0.344,0.154,0.898,0.854,5.127,9.644
-0.341,0.197,0.909,-0.427,7.446,7.629
-0.327,0.194,0.896,-2.014,8.972,2.258
-0.297,0.182,0.905,-3.235,10.803,-2.869
-0.325,0.147,0.936,-5.005,12.329,-7.629
-0.327,0.115,0.938,-4.333,14.526,-10.559
-0.334,0.105,0.985,-3.845,15.564,-9.277
-0.314,0.075,0.957,-2.930,14.099,-6.714
-0.302,0.069,0.994,-4.333,9.583,-4.089
-0.300,0.080,0.970,-5.127,6.042,-1.160
-0.254,0.071,0.952,-6.958,2.625,2.319
-0.242,0.192,0.947,-10.071,-0.061,5.127
-0.263,0.233,0.950,-8.179,-0.549,3.967
-0.304,0.291,0.954,-4.150,-3.052,-0.977
-0.301,0.290,0.899,0.427,-6.348,-6.714
-0.247,0.256,0.792,-2.136,-6.714,-13.672
-0.215,0.142,0.734,-18.799,-3.784,-22.278
-0.154,0.046,0.752,-52.002,0.366,-32.715
-0.103,0.010,0.952,-80.444,11.414,-41.077
-0.137,0.014,0.927,-66.162,37.231,-42.542
-0.237,-0.012,0.978,-46.326,57.007,-46.021
-0.310,0.077,0.992,-32.715,69.275,-44.556
-0.276,0.293,0.960,-12.817,74.402,-38.330
-0.265,0.309,0.926,-3.662,70.740,-36.804
-0.259,0.360,0.959,-16.296,62.927,-35.950
-0.268,0.247,1.055,-36.194,51.697,-39.063
-0.385,-0.014,1.184,-34.607,45.410,-33.875
-0.279,0.116,1.019,-13.245,37.659,-19.226
-0.254,0.166,1.011,-3.357,22.888,-10.315
-0.237,0.205,0.990,1.526,13.550,-6.287
-0.253,0.154,1.007,4.395,6.409,-4.822
-0.216,0.202,0.968,14.954,4.395,-4.211
-0.215,0.114,0.975,13.306,0.122,-9.033
-0.239,-0.015,0.976,26.123,-0.061,-8.240
-0.176,0.202,0.903,30.212,-0.183,-3.174
-0.202,0.096,0.976,24.048,-0.488,-11.414
-0.214,0.044,0.943,31.250,2.991,-9.583
-0.193,0.199,0.921,30.762,4.517,-4.639
-0.168,0.229,0.941,18.372,2.258,-15.198
-0.163,0.237,0.930,15.991,2.869,-21.423
-0.185,0.189,0.942,16.968,5.981,-22.705
-0.197,0.160,0.986,17.090,7.202,-25.635
-0.156,0.156,0.944,16.296,6.165,-26.123
-0.187,0.109,0.980,22.888,5.432,-21.973
-0.230,0.038,0.997,33.936,6.653,-14.893
-0.191,0.159,0.949,36.194,7.385,-8.240
-0.180,0.147,0.958,27.588,4.944,-13.306
-0.169,0.155,0.948,32.043,5.310,-17.090
-0.170,0.171,0.962,29.297,5.554,-20.691
-0.159,0.126,0.981,21.118,4.761,-28.381
-0.148,0.118,0.986,22.156,3.845,-31.921
-0.150,0.097,0.986,27.222,3.784,-30.518
-0.157,0.095,0.979,26.184,3.113,-29.114
-0.161,0.101,0.959,22.827,2.258,-29.358
-0.170,0.111,0.956,19.470,2.197,-29.724
-0.175,0.106,0.946,16.296,3.784,-31.616
-0.176,0.099,0.956,12.939,5.981,-33.264
-0.179,0.100,0.951,9.766,7.568,-33.936
-0.175,0.092,0.963,7.324,8.972,-33.997
-0.176,0.080,0.970,6.714,10.376,-32.410
-0.174,0.076,0.978,5.432,10.742,-30.151
-0.176,0.066,0.977,5.310,10.620,-27.161
-0.178,0.071,0.988,4.578,9.949,-24.109
-0.175,0.069,0.979,4.517,9.033,-22.034
-0.176,0.067,0.989,3.601,7.996,-20.691
-0.173,0.062,0.986,3.845,7.019,-19.592
-0.173,0.062,0.985,2.625,5.798,-18.799
-0.168,0.052,0.992,3.418,4.456,-17.639
-0.166,0.060,0.978,3.723,3.174,-15.076
-0.168,0.056,0.982,2.258,2.136,-12.573
-0.166,0.064,0.974,2.686,2.014,-9.766
-0.164,0.066,0.970,0.977,1.892,-7.629
-0.168,0.075,0.965,0.610,2.625,-4.822
-0.180,0.080,0.991,-0.305,3.357,-2.014
-0.171,0.071,0.976,-0.122,3.052,0.122
-0.168,0.076,1.003,-2.319,2.502,1.038
-0.171,0.083,0.972,-1.831,1.648,4.883
-0.189,0.094,0.977,-0.488,2.197,10.742
-0.179,0.106,0.955,1.282,3.052,13.855
-0.166,0.102,0.938,3.052,5.005,12.756
-0.158,0.093,0.948,-0.183,8.179,7.019
-0.150,0.080,0.967,-2.136,10.803,-0.183
-0.145,0.066,0.972,-2.686,11.475,-6.897
-0.150,0.066,0.981,-0.122,12.146,-10.376
-0.148,0.057,0.989,1.282,11.841,-15.503
-0.154,0.052,0.995,0.366,9.949,-21.057
-0.151,0.052,1.000,0.061,7.690,-23.926
-0.160,0.056,0.990,1.648,5.066,-21.606
-0.172,0.077,0.988,2.380,3.235,-16.174
-0.188,0.080,0.990,1.221,2.197,-11.536
-0.190,0.084,0.982,2.808,0.854,-8.179
-0.197,0.081,0.986,2.563,-0.244,-6.836
-0.198,0.064,1.000,4.639,-1.770,-8.118
-0.183,0.044,0.998,6.470,-5.676,-12.024
-0.171,0.045,0.976,8.362,-8.789,-14.465
-0.170,0.057,0.960,7.935,-9.277,-14.771
-0.178,0.065,0.953,5.920,-8.057,-14.465
-0.201,0.073,0.966,4.150,-6.348,-12.146
-0.201,0.070,0.958,5.676,-4.761,-8.301
-0.184,0.070,0.940,6.042,-2.869,-5.554
-0.195,0.080,0.942,2.563,-0.061,-3.601
-0.191,0.089,0.939,0.671,3.296,-1.282