Time,Sample,FFT,PSD
405.025389,570.000,391312.000,299072.406250
405.025495,587.000,867.119,1.468547
405.025532,603.000,1045.992,2.136911
405.025570,627.000,713.479,0.994242
405.025608,643.000,976.088,1.860836
405.025645,651.000,1363.841,3.632936
405.025683,682.000,1652.270,5.332023
405.025720,691.000,1916.887,7.176672
405.025758,716.000,2583.351,13.034576
405.025795,727.000,3917.098,29.968082
405.025833,743.000,5919.086,68.428879
405.025870,761.000,13328.006,346.944824
405.025908,761.000,159790.922,49869.410156
405.025946,741.000,12010.149,281.725983
405.025983,727.000,6172.162,74.405441
405.026021,709.000,4650.735,42.244804
405.026058,689.000,3170.137,19.628460
405.026096,676.000,2528.614,12.488062
405.026133,644.000,2593.488,13.137069
405.026199,633.000,1802.316,6.344418
405.026237,610.000,1908.621,7.114912
405.026274,590.000,1173.774,2.690910
405.026312,571.000,1512.040,4.465364
405.026349,554.000,1297.602,3.288615
405.026387,536.000,1200.250,2.813670
405.026424,520.000,1337.068,3.491703
405.026478,496.000,1239.900,3.002640
405.026516,479.000,940.841,1.728871
405.026554,460.000,2027.587,8.029513
405.026591,444.000,1174.840,2.695801
405.026629,428.000,1482.475,4.292447
405.026666,412.000,1253.908,3.070870
405.026704,393.000,1457.605,4.149636
405.026742,374.000,1709.938,5.710716
405.026779,360.000,2114.708,8.734358
405.026817,339.000,5069.622,50.197399
405.026854,318.000,16205.865,512.949341
405.026892,302.000,3123.399,19.053953
405.026929,284.000,1504.669,4.421931
405.026967,273.000,1058.708,2.189186
405.027004,253.000,1080.705,2.281100
405.027042,240.000,898.000,1.575008
405.027080,216.000,728.280,1.035920
405.027117,186.000,768.851,1.154554
405.027183,170.000,608.232,0.722551
405.027220,151.000,541.624,0.572962
405.027257,136.000,739.432,1.067889
405.027295,116.000,521.572,0.531323
405.027332,102.000,697.340,0.949771
405.027370,86.000,573.082,0.641451
405.027407,70.000,586.781,0.672484
405.027445,50.000,623.371,0.758967
405.027494,25.000,1193.661,2.782864
405.027532,9.000,822.878,1.322517
405.027569,0.000,723.238,1.021628
405.027606,15.000,697.216,0.949433
405.027644,34.000,693.076,0.938192
405.027681,54.000,1017.827,2.023382
405.027719,71.000,1365.523,3.641901
405.027757,85.000,3310.176,21.400908
405.027794,101.000,4651.362,42.256195
405.027832,115.000,1212.750,2.872581
405.027869,136.000,540.405,0.570385
405.027907,152.000,512.451,0.512903
405.027944,171.000,323.968,0.204990
405.027982,190.000,147.012,0.042212
405.028020,211.000,280.801,0.154003
405.028057,225.000,245.999,0.118195
405.028095,241.000,341.728,0.228082
405.028132,271.000,141.418,0.039061
405.028198,288.000,215.181,0.090436
405.028235,303.000,270.055,0.142440
405.028272,323.000,208.501,0.084907
405.028310,336.000,78.124,0.011921
405.028347,358.000,135.466,0.035842
405.028385,373.000,223.063,0.097182
405.028422,395.000,327.924,0.210028
405.028460,420.000,375.225,0.274988
405.028514,436.000,33.432,0.002183
405.028552,452.000,48.854,0.004661
405.028589,471.000,159.225,0.049517
405.028627,490.000,301.215,0.177208
405.028665,505.000,385.475,0.290217
405.028702,542.000,1989.615,7.731574
405.028740,538.000,2112.289,8.714387
405.028777,554.000,748.730,1.094915
405.028815,574.000,884.731,1.528808
405.028852,593.000,513.862,0.515731
405.028890,611.000,567.068,0.628058
405.028928,629.000,349.547,0.238639
405.028965,647.000,477.896,0.446064
405.029003,662.000,793.061,1.228411
405.029040,673.000,152.399,0.045362
405.029078,696.000,203.453,0.080846
405.029115,710.000,372.150,0.270499
405.029180,743.000,92.391,0.016672
405.029218,760.000,251.010,0.123059
405.029256,763.000,397.061,0.307925
405.029293,749.000,284.962,0.158600
405.029331,735.000,378.828,0.280295
405.029368,714.000,291.925,0.166445
405.029406,694.000,202.237,0.079882
405.029443,677.000,280.266,0.153416
405.029498,650.000,232.788,0.105840
405.029536,638.000,373.369,0.272274
405.029573,621.000,433.244,0.366602
405.029611,597.000,660.274,0.851487
405.029648,582.000,1843.954,6.640953
405.029686,560.000,880.936,1.515718
405.029723,548.000,247.923,0.120051
405.029761,534.000,246.489,0.118666
405.029799,515.000,380.492,0.282762
405.029836,496.000,153.533,0.046040
405.029874,479.000,162.853,0.051799
405.029911,460.000,228.812,0.102255
405.029949,443.000,240.587,0.113051
405.029986,425.000,208.700,0.085069
405.030024,393.000,150.731,0.044375
405.030062,391.000,11.116,0.000241
405.030099,376.000,225.418,0.099244
405.030137,362.000,190.973,0.071232
405.030201,330.000,215.132,0.090394
405.030239,307.000,297.099,0.172398
405.030276,291.000,126.729,0.031367
405.030314,275.000,151.003,0.044535
405.030351,256.000,276.124,0.148915
405.030389,237.000,152.217,0.045254
405.030426,221.000,287.045,0.160927
405.030464,209.000,250.059,0.122128
405.030512,180.000,455.466,0.405174
405.030550,164.000,299.120,0.174752
405.030587,148.000,1582.507,4.891269
405.030625,130.000,193.346,0.073013
405.030663,112.000,202.913,0.080418
405.030700,92.000,10.738,0.000225
405.030738,79.000,178.147,0.061985
405.030775,69.000,102.940,0.020697
405.030813,49.000,292.797,0.167442
405.030850,29.000,135.083,0.035640
405.030888,10.000,211.711,0.087542
405.030925,0.000,186.117,0.067655
405.030962,16.000,109.061,0.023231
405.031000,30.000,236.624,0.109357
405.031038,51.000,286.419,0.160226
405.031075,67.000,157.235,0.048287
405.031113,89.000,309.383,0.186949
405.031150,107.000,167.818,0.055006
405.031214,134.000,577.444,0.651253
405.031252,145.000,235.081,0.107936
405.031289,165.000,144.007,0.040504
405.031327,183.000,268.922,0.141248
405.031364,200.000,218.995,0.093669
405.031402,207.000,108.750,0.023099
405.031439,243.000,93.028,0.016903
405.031477,261.000,188.190,0.069171
405.031531,275.000,770.836,1.160524
405.031569,295.000,151.410,0.044776
405.031607,316.000,129.341,0.032674
405.031644,334.000,146.535,0.041938
405.031682,383.000,139.833,0.038190
405.031719,369.000,258.615,0.130628
405.031757,383.000,140.778,0.038708
405.031795,400.000,329.207,0.211674
405.031832,415.000,310.074,0.187785
405.031870,439.000,149.374,0.043579
405.031907,457.000,230.598,0.103858
405.031945,474.000,183.287,0.065614
405.031982,494.000,112.565,0.024748
405.032020,507.000,273.487,0.146084
405.032057,522.000,106.075,0.021976
405.032095,537.000,191.921,0.071941
405.032133,558.000,497.835,0.484062
405.032197,586.000,14.579,0.000415
405.032235,604.000,299.354,0.175025
405.032272,624.000,127.999,0.031999
405.032310,636.000,209.047,0.085353
405.032347,657.000,136.924,0.036618
405.032385,675.000,83.337,0.013565
405.032422,694.000,189.954,0.070473
405.032460,710.000,743.791,1.080517
405.032497,737.000,250.351,0.122414
405.032552,751.000,38.450,0.002888
405.032589,768.000,239.441,0.111976
405.032627,755.000,152.282,0.045293
405.032665,736.000,90.076,0.015847
405.032702,714.000,103.506,0.020925
405.032740,704.000,164.895,0.053106
405.032777,685.000,179.266,0.062766
405.032815,666.000,312.703,0.190982
405.032852,657.000,120.009,0.028129
405.032890,638.000,127.064,0.031534
405.032928,614.000,134.345,0.035251
405.032965,610.000,146.365,0.041841
405.033003,579.000,69.330,0.009388
405.033040,563.000,177.239,0.061355
405.033078,548.000,302.052,0.178194
405.033115,530.000,146.568,0.041957
405.033153,515.000,193.747,0.073316
405.033211,480.000,142.464,0.039641
405.033248,462.000,222.938,0.097073
405.033286,451.000,87.713,0.015026
405.033323,436.000,45.367,0.004020
405.033361,419.000,247.697,0.119831
405.033398,403.000,569.529,0.633521
405.033436,380.000,157.008,0.048147
405.033473,360.000,196.146,0.075143
405.033528,341.000,106.957,0.022343
405.033565,328.000,85.349,0.014228
405.033603,297.000,287.751,0.161720
405.033641,285.000,211.346,0.087240
405.033678,269.000,126.285,0.031148
405.033716,245.000,76.738,0.011501
405.033753,232.000,78.911,0.012162
405.033791,219.000,281.664,0.154950
405.033828,205.000,208.186,0.084652
405.033866,185.000,230.048,0.103363
405.033904,164.000,266.987,0.139223
405.033941,148.000,116.254,0.026396
405.033979,132.000,228.663,0.102122
405.034016,112.000,184.964,0.066820
405.034054,96.000,135.920,0.036082
405.034091,81.000,221.570,0.095885
405.034129,61.000,78.843,0.012141
405.034166,48.000,76.428,0.011409
405.034224,13.000,222.163,0.096399
405.034262,0.000,325.926,0.207476
405.034298,9.000,593.323,0.687562
405.034336,28.000,353.980,0.244730
405.034373,42.000,140.095,0.038333
405.034411,54.000,58.556,0.006697
405.034448,78.000,144.652,0.040868
405.034486,91.000,152.539,0.045446
405.034537,116.000,117.214,0.026834
405.034575,131.000,115.492,0.026051
405.034613,151.000,65.872,0.008475
405.034650,172.000,76.305,0.011372
405.034688,188.000,79.187,0.012247
405.034725,206.000,60.166,0.007070
405.034763,221.000,99.313,0.019264
405.034800,235.000,190.737,0.071056
405.034838,259.000,113.685,0.025243
405.034876,271.000,303.913,0.180396
405.034913,294.000,126.849,0.031427
405.034951,309.000,50.168,0.004916
405.034988,330.000,150.661,0.044334
405.035026,345.000,71.117,0.009878
405.035063,361.000,70.977,0.009839
405.035101,378.000,295.508,0.170556
405.035138,392.000,119.181,0.027743
405.035176,412.000,134.239,0.035196
405.035237,441.000,142.924,0.039897
405.035275,461.000,82.688,0.013354
405.035312,478.000,120.592,0.028403
405.035350,494.000,86.653,0.014665
405.035387,512.000,41.111,0.003301
405.035425,527.000,76.808,0.011523
405.035462,545.000,87.458,0.014939
405.035500,564.000,154.453,0.046593
405.035544,582.000,212.777,0.088426
405.035581,601.000,222.891,0.097032
405.035619,618.000,59.811,0.006987
405.035656,640.000,133.900,0.035018
405.035694,650.000,142.370,0.039589
405.035731,670.000,105.345,0.021675
405.035769,692.000,132.282,0.034177
405.035807,708.000,119.254,0.027776
405.035844,723.000,225.477,0.099297
405.035882,738.000,169.621,0.056194
405.035919,748.000,11.543,0.000260
405.035957,766.000,79.572,0.012367
405.035994,748.000,243.135,0.115458
405.036032,729.000,38.509,0.002896
405.036070,712.000,193.728,0.073302
405.036107,695.000,146.228,0.041763
405.036145,680.000,65.325,0.008335
405.036209,651.000,184.864,0.066747
405.036248,632.000,101.694,0.020199
405.036285,618.000,56.066,0.006139
405.036323,597.000,146.734,0.042052
405.036360,581.000,13.519,0.000357
405.036397,562.000,115.743,0.026165
405.036435,543.000,211.562,0.087419
405.036472,526.000,111.059,0.024090
405.036510,501.000,187.843,0.068916
405.036564,488.000,29.896,0.001746
405.036602,473.000,125.356,0.030692
405.036639,460.000,58.003,0.006571
405.036677,436.000,83.315,0.013557
405.036714,416.000,42.097,0.003461
405.036752,394.000,126.730,0.031368
405.036790,379.000,147.887,0.042716
405.036827,364.000,69.787,0.009512
405.036865,345.000,138.536,0.037485
405.036902,328.000,121.087,0.028637
405.036940,310.000,15.108,0.000446
405.036977,300.000,225.910,0.099678
405.037015,280.000,181.369,0.064247
405.037053,263.000,91.892,0.016492
405.037090,244.000,419.249,0.343300
405.037128,220.000,20.977,0.000859
405.037165,205.000,126.352,0.031181
405.037231,173.000,133.609,0.034866
405.037268,157.000,26.604,0.001382
405.037306,138.000,182.287,0.064900
405.037343,122.000,110.983,0.024057
405.037381,108.000,152.924,0.045675
405.037418,94.000,91.802,0.016460
405.037456,78.000,207.621,0.084192
405.037493,57.000,143.470,0.040202
405.037548,32.000,49.899,0.004863
405.037586,15.000,145.021,0.041077
405.037623,0.000,107.922,0.022748
405.037660,8.000,61.620,0.007416
405.037698,28.000,153.173,0.045824
405.037735,43.000,39.437,0.003038
405.037773,60.000,110.261,0.023745
405.037811,81.000,175.836,0.060387
405.037848,101.000,116.648,0.026576
405.037886,117.000,45.728,0.004084
405.037923,134.000,129.498,0.032753
405.037961,153.000,103.462,0.020907
405.037998,166.000,198.038,0.076600
405.038036,181.000,74.625,0.010877
405.038073,202.000,164.591,0.052910
405.038111,216.000,151.358,0.044744
405.038149,237.000,76.385,0.011396
405.038186,252.000,107.411,0.022534
405.038246,286.000,101.091,0.019960
405.038283,299.000,135.676,0.035953
405.038321,316.000,125.494,0.030759
405.038358,334.000,82.124,0.013173
405.038396,350.000,158.374,0.048989
405.038433,366.000,70.931,0.009827
405.038471,385.000,154.540,0.046646
405.038508,408.000,182.046,0.064728
405.038561,424.000,194.365,0.073784
405.038599,445.000,332.603,0.216064
405.038636,466.000,127.985,0.031992
405.038674,479.000,59.609,0.006940
405.038712,497.000,107.946,0.022758
405.038749,513.000,152.574,0.045467
405.038787,534.000,197.046,0.075834
405.038824,547.000,104.918,0.021500
405.038862,564.000,200.515,0.078528
405.038899,586.000,212.894,0.088523
405.038937,607.000,51.102,0.005100
405.038974,620.000,40.575,0.003216
405.039012,638.000,194.901,0.074192
405.039050,655.000,162.331,0.051467
405.039087,678.000,162.459,0.051549
405.039125,690.000,67.724,0.008958
405.039162,706.000,133.408,0.034761
405.039200,722.000,155.955,0.047504
405.039259,753.000,57.048,0.006356
405.039296,771.000,211.620,0.087467
405.039334,755.000,181.195,0.064124
405.039371,737.000,93.996,0.017256
405.039409,719.000,72.200,0.010181
405.039446,704.000,115.688,0.026140
405.039484,683.000,96.765,0.018288
405.039521,672.000,86.575,0.014639
405.039567,644.000,116.546,0.026529
405.039605,630.000,206.852,0.083570
405.039642,611.000,185.072,0.066898
405.039680,592.000,103.703,0.021004
405.039717,581.000,82.156,0.013183
405.039755,562.000,35.542,0.002467
405.039792,542.000,179.204,0.062723
405.039830,524.000,52.630,0.005410
405.039867,510.000,87.036,0.014796
405.039905,491.000,110.594,0.023889
405.039943,470.000,187.471,0.068644
405.039980,454.000,250.337,0.122400
405.040018,437.000,90.257,0.015911
405.040055,419.000,301.121,0.177097
405.040093,409.000,228.898,0.102332
405.040130,387.000,198.679,0.077096
405.040168,372.000,33.688,0.002216
405.040233,341.000,22.393,0.000979
405.040271,323.000,49.506,0.004787
405.040308,304.000,161.477,0.050927
405.040346,289.000,137.740,0.037055
405.040383,267.000,131.959,0.034010
405.040421,250.000,76.808,0.011522
405.040458,233.000,125.202,0.030616
405.040496,218.000,266.515,0.138731
405.040533,192.000,150.659,0.044333
405.040588,175.000,95.553,0.017833
405.040626,160.000,8.164,0.000130
405.040663,141.000,18.264,0.000651
405.040701,131.000,58.762,0.006744
405.040738,108.000,14.902,0.000434
405.040776,87.000,102.889,0.020676
405.040813,68.000,165.577,0.053546
405.040851,51.000,144.536,0.040802
405.040888,34.000,97.320,0.018498
405.040926,18.000,110.104,0.023678
405.040964,0.000,118.684,0.027512
405.041001,8.000,240.092,0.112587
405.041038,26.000,107.119,0.022411
405.041076,40.000,305.326,0.182078
405.041113,58.000,122.402,0.029262
405.041151,75.000,237.758,0.110408
405.041188,89.000,34.073,0.002268
405.041254,121.000,142.921,0.039895
405.041291,138.000,130.716,0.033373
405.041329,156.000,160.154,0.050096
405.041366,172.000,109.659,0.023486
405.041404,194.000,85.795,0.014376
405.041441,210.000,125.651,0.030836
405.041479,230.000,67.374,0.008866
405.041516,247.000,144.836,0.040972
405.041571,272.000,135.994,0.036122
405.041608,289.000,53.668,0.005625
405.041646,306.000,62.323,0.007586
405.041684,322.000,132.995,0.034546
405.041721,337.000,65.436,0.008363
405.041759,354.000,192.721,0.072542
405.041796,376.000,211.664,0.087503
405.041834,390.000,20.356,0.000809
405.041871,409.000,186.524,0.067952
405.041909,426.000,87.796,0.015055
405.041947,445.000,106.717,0.022243
405.041984,462.000,258.922,0.130939
405.042022,479.000,101.604,0.020163
405.042059,494.000,68.300,0.009111
405.042097,507.000,180.084,0.063341
405.042134,527.000,134.128,0.035137
405.042172,546.000,48.122,0.004523
405.042209,560.000,80.701,0.012720
405.042266,590.000,42.777,0.003574
405.042304,610.000,102.686,0.020594
405.042341,627.000,144.690,0.040889
405.042379,643.000,119.950,0.028101
405.042416,656.000,124.912,0.030474
405.042454,676.000,84.733,0.014023
405.042491,697.000,90.167,0.015879
405.042529,714.000,49.966,0.004876
405.042583,739.000,50.055,0.004894
405.042621,760.000,177.650,0.061640
405.042659,769.000,240.462,0.112933
405.042696,751.000,115.295,0.025963
405.042734,733.000,137.865,0.037122
405.042771,712.000,170.965,0.057088
405.042809,697.000,86.282,0.014540
405.042846,682.000,298.429,0.173945
405.042884,664.000,176.084,0.060558
405.042922,645.000,111.059,0.024090
405.042959,624.000,98.585,0.018982
405.042997,612.000,111.749,0.024390
405.043034,595.000,86.410,0.014583
405.043072,579.000,141.542,0.039129
405.043109,561.000,38.722,0.002929
405.043147,546.000,73.604,0.010581
405.043185,524.000,137.089,0.036706
405.043222,505.000,28.146,0.001547
405.043279,484.000,79.410,0.012316
405.043316,463.000,69.236,0.009363
405.043354,445.000,36.247,0.002566
405.043391,430.000,30.484,0.001815
405.043429,410.000,90.757,0.016087
405.043466,393.000,11.927,0.000278
405.043504,373.000,10.029,0.000196
405.043541,362.000,78.280,0.011968
405.043589,338.000,54.540,0.005810
405.043627,315.000,161.242,0.050779
405.043664,299.000,169.389,0.056040
405.043702,285.000,98.421,0.018919
405.043739,267.000,135.481,0.035850
405.043777,249.000,194.727,0.074060
405.043815,233.000,87.945,0.015106
405.043852,215.000,106.150,0.022007
405.043890,202.000,51.386,0.005157
405.043927,183.000,203.858,0.081168
405.043965,163.000,146.419,0.041872
405.044002,144.000,83.942,0.013762
405.044040,125.000,80.485,0.012652
405.044078,108.000,132.402,0.034239
405.044115,94.000,19.993,0.000781
405.044153,76.000,149.578,0.043698
405.044190,54.000,42.519,0.003531
405.044228,44.000,125.108,0.030570
405.044291,16.000,176.724,0.060999
405.044329,0.000,25.786,0.001299
405.044366,11.000,204.080,0.081345
405.044403,32.000,31.118,0.001891
405.044441,48.000,133.588,0.034855
405.044478,64.000,28.292,0.001563
405.044516,80.000,29.698,0.001723
405.044553,104.000,156.275,0.047699
405.044608,121.000,112.493,0.024716
405.044646,142.000,139.881,0.038216
405.044683,156.000,110.763,0.023962
405.044721,178.000,60.904,0.007245
405.044758,194.000,365.726,0.261241
405.044796,211.000,265.096,0.137257
405.044833,227.000,212.453,0.088157
405.044871,244.000,61.415,0.007367
405.044909,260.000,95.691,0.017884
405.044946,277.000,56.638,0.006265
405.044984,297.000,128.823,0.032413
405.045021,318.000,61.867,0.007476
405.045059,335.000,231.149,0.104355
405.045096,353.000,60.719,0.007201
405.045134,365.000,57.828,0.006532
405.045171,385.000,90.242,0.015905
405.045209,403.000,85.558,0.014297
405.045273,429.000,138.447,0.037437
405.045311,451.000,76.321,0.011377
405.045348,464.000,91.869,0.016484
405.045386,487.000,34.856,0.002373
405.045423,502.000,78.891,0.012156
405.045461,521.000,nan,nan
405.045498,534.000,nan,nan
405.045536,553.000,nan,nan
405.045573,579.000,nan,nan
405.045628,596.000,nan,nan
405.045665,612.000,nan,nan
405.045703,632.000,nan,nan
405.045741,647.000,nan,nan
405.045778,660.000,nan,nan
405.045816,685.000,nan,nan
405.045853,703.000,nan,nan
405.045891,722.000,nan,nan
405.045928,743.000,nan,nan
405.045966,752.000,nan,nan
405.046003,770.000,nan,nan
405.046041,753.000,nan,nan
405.046079,732.000,nan,nan
405.046116,716.000,nan,nan
405.046154,699.000,nan,nan
405.046191,687.000,nan,nan
405.046229,669.000,nan,nan
405.046286,642.000,nan,nan
405.046324,619.000,nan,nan
405.046361,605.000,nan,nan
405.046399,588.000,nan,nan
405.046436,576.000,nan,nan
405.046474,553.000,nan,nan
405.046511,539.000,nan,nan
405.046549,518.000,nan,nan
405.046604,493.000,nan,nan
405.046641,476.000,nan,nan
405.046679,457.000,nan,nan
405.046716,440.000,nan,nan
405.046754,425.000,nan,nan
405.046791,404.000,nan,nan
405.046829,388.000,nan,nan
405.046867,366.000,nan,nan
405.046904,354.000,nan,nan
405.046942,349.000,nan,nan
405.046979,323.000,nan,nan
405.047017,300.000,nan,nan
405.047054,284.000,nan,nan
405.047092,266.000,nan,nan
405.047130,246.000,nan,nan
405.047167,231.000,nan,nan
405.047205,214.000,nan,nan
405.047242,200.000,nan,nan
405.047300,169.000,nan,nan
405.047337,152.000,nan,nan
405.047375,135.000,nan,nan
405.047412,119.000,nan,nan
405.047450,106.000,nan,nan
405.047487,89.000,nan,nan
405.047525,70.000,nan,nan
405.047562,50.000,nan,nan
405.047613,27.000,nan,nan
405.047650,3.000,nan,nan
405.047688,0.000,nan,nan
405.047725,12.000,nan,nan
405.047762,30.000,nan,nan
405.047800,52.000,nan,nan
405.047838,67.000,nan,nan
405.047875,85.000,nan,nan
405.047913,101.000,nan,nan
405.047950,121.000,nan,nan
405.047988,131.000,nan,nan
405.048025,151.000,nan,nan
405.048063,167.000,nan,nan
405.048101,187.000,nan,nan
405.048138,205.000,nan,nan
405.048176,226.000,nan,nan
405.048213,240.000,nan,nan
405.048251,262.000,nan,nan
405.048312,287.000,nan,nan
405.048350,309.000,nan,nan
405.048388,320.000,nan,nan
405.048425,339.000,nan,nan
405.048463,355.000,nan,nan
405.048500,370.000,nan,nan
405.048538,393.000,nan,nan
405.048575,411.000,nan,nan
405.048618,426.000,nan,nan
405.048656,442.000,nan,nan
405.048694,459.000,nan,nan
405.048731,479.000,nan,nan
405.048769,499.000,nan,nan
405.048806,521.000,nan,nan
405.048844,535.000,nan,nan
405.048881,549.000,nan,nan
405.048919,568.000,nan,nan
405.048956,586.000,nan,nan
405.048994,601.000,nan,nan
405.049032,617.000,nan,nan
405.049069,634.000,nan,nan
405.049107,651.000,nan,nan
405.049144,673.000,nan,nan
405.049182,691.000,nan,nan
405.049219,715.000,nan,nan
405.049284,739.000,nan,nan
405.049322,752.000,nan,nan
405.049360,770.000,nan,nan
405.049397,752.000,nan,nan
405.049435,732.000,nan,nan
405.049472,716.000,nan,nan
405.049510,701.000,nan,nan
405.049547,686.000,nan,nan
405.049584,653.000,nan,nan
405.049639,640.000,nan,nan
405.049677,618.000,nan,nan
405.049714,605.000,nan,nan
405.049752,634.000,nan,nan
405.049789,572.000,nan,nan
405.049827,554.000,nan,nan
405.049864,537.000,nan,nan
405.049902,520.000,nan,nan
405.049939,499.000,nan,nan
405.049977,485.000,nan,nan
405.050015,468.000,nan,nan
405.050052,454.000,nan,nan
405.050090,435.000,nan,nan
405.050127,417.000,nan,nan
405.050165,397.000,nan,nan
405.050202,384.000,nan,nan
405.050240,367.000,nan,nan
405.050305,335.000,nan,nan
405.050343,317.000,nan,nan
405.050381,299.000,nan,nan
405.050418,281.000,nan,nan
405.050456,261.000,nan,nan
405.050493,246.000,nan,nan
405.050531,225.000,nan,nan
405.050568,214.000,nan,nan
405.050622,185.000,nan,nan
405.050660,171.000,nan,nan
405.050698,152.000,nan,nan
405.050735,132.000,nan,nan
405.050773,118.000,nan,nan
405.050811,104.000,nan,nan
405.050848,83.000,nan,nan
405.050886,62.000,nan,nan
405.050923,55.000,nan,nan
405.050961,27.000,nan,nan
405.050998,12.000,nan,nan
405.051036,0.000,nan,nan
405.051073,14.000,nan,nan
405.051110,30.000,nan,nan
405.051148,53.000,nan,nan
405.051186,68.000,nan,nan
405.051223,79.000,nan,nan
405.051261,98.000,nan,nan
405.051320,73.000,nan,nan
405.051357,143.000,nan,nan
405.051395,167.000,nan,nan
405.051432,180.000,nan,nan
405.051470,199.000,nan,nan
405.051507,214.000,nan,nan
405.051545,229.000,nan,nan
405.051582,235.000,nan,nan
405.051635,270.000,nan,nan
405.051673,284.000,nan,nan
405.051711,301.000,nan,nan
405.051748,327.000,nan,nan
405.051786,343.000,nan,nan
405.051823,360.000,nan,nan
405.051861,377.000,nan,nan
405.051898,395.000,nan,nan
405.051936,413.000,nan,nan
405.051974,426.000,nan,nan
405.052011,448.000,nan,nan
405.052049,465.000,nan,nan
405.052086,480.000,nan,nan
405.052124,497.000,nan,nan
405.052161,516.000,nan,nan
405.052199,527.000,nan,nan
405.052237,552.000,nan,nan
405.052274,567.000,nan,nan
405.052333,593.000,nan,nan
405.052371,613.000,nan,nan
405.052408,629.000,nan,nan
405.052446,651.000,nan,nan
405.052483,666.000,nan,nan
405.052521,685.000,nan,nan
405.052558,701.000,nan,nan
405.052596,717.000,nan,nan
405.052642,741.000,nan,nan
405.052679,758.000,nan,nan
405.052717,767.000,nan,nan
405.052754,751.000,nan,nan
405.052792,732.000,nan,nan
405.052830,714.000,nan,nan
405.052867,698.000,nan,nan
405.052905,681.000,nan,nan
405.052942,672.000,nan,nan
405.052980,651.000,nan,nan
405.053017,628.000,nan,nan
405.053055,614.000,nan,nan
405.053092,592.000,nan,nan
405.053130,576.000,nan,nan
405.053168,556.000,nan,nan
405.053205,537.000,nan,nan
405.053243,522.000,nan,nan
405.053307,493.000,nan,nan
405.053346,474.000,nan,nan
405.053383,459.000,nan,nan
405.053421,448.000,nan,nan
405.053458,430.000,nan,nan
405.053496,409.000,nan,nan
405.053533,392.000,nan,nan
405.053571,368.000,nan,nan
405.053608,348.000,nan,nan
405.053663,330.000,nan,nan
405.053700,312.000,nan,nan
405.053738,297.000,nan,nan
405.053775,276.000,nan,nan
405.053813,264.000,nan,nan
405.053851,242.000,nan,nan
405.053888,225.000,nan,nan
405.053926,212.000,nan,nan
405.053963,196.000,nan,nan
405.054001,177.000,nan,nan
405.054038,156.000,nan,nan
405.054076,140.000,nan,nan
405.054113,126.000,nan,nan
405.054151,102.000,nan,nan
405.054189,86.000,nan,nan
405.054226,73.000,nan,nan
405.054264,54.000,nan,nan
405.054329,25.000,nan,nan
405.054367,9.000,nan,nan
405.054404,4.000,nan,nan
405.054442,16.000,nan,nan
405.054480,35.000,nan,nan
405.054517,50.000,nan,nan
405.054555,69.000,nan,nan
405.054592,87.000,nan,nan
405.054647,114.000,nan,nan
405.054685,125.000,nan,nan
405.054722,144.000,nan,nan
405.054760,165.000,nan,nan
405.054797,186.000,nan,nan
405.054835,202.000,nan,nan
405.054872,223.000,nan,nan
405.054910,241.000,nan,nan
405.054947,253.000,nan,nan
405.054985,270.000,nan,nan
405.055023,283.000,nan,nan
405.055060,304.000,nan,nan
405.055098,320.000,nan,nan
405.055135,344.000,nan,nan
405.055173,357.000,nan,nan
405.055210,382.000,nan,nan
405.055248,391.000,nan,nan
405.055286,409.000,nan,nan
405.055343,436.000,nan,nan
405.055381,456.000,nan,nan
405.055418,474.000,nan,nan
405.055456,490.000,nan,nan
405.055493,502.000,nan,nan
405.055531,520.000,nan,nan
405.055568,538.000,nan,nan
405.055606,547.000,nan,nan
405.055660,583.000,nan,nan
405.055698,601.000,nan,nan
405.055736,614.000,nan,nan
405.055773,632.000,nan,nan
405.055811,650.000,nan,nan
405.055848,672.000,nan,nan
405.055886,694.000,nan,nan
405.055924,706.000,nan,nan
405.055961,721.000,nan,nan
405.055999,741.000,nan,nan
405.056036,757.000,nan,nan
405.056074,767.000,nan,nan
405.056111,752.000,nan,nan
405.056149,736.000,nan,nan
405.056186,717.000,nan,nan
405.056224,699.000,nan,nan
405.056262,682.000,nan,nan
405.056299,664.000,nan,nan
405.056357,634.000,nan,nan
405.056394,619.000,nan,nan
405.056432,602.000,nan,nan
405.056469,584.000,nan,nan
405.056507,569.000,nan,nan
405.056544,549.000,nan,nan
405.056582,531.000,nan,nan
405.056619,515.000,nan,nan
405.056667,491.000,nan,nan
405.056705,476.000,nan,nan
405.056743,462.000,nan,nan
405.056780,440.000,nan,nan
405.056818,424.000,nan,nan
405.056855,408.000,nan,nan
405.056893,385.000,nan,nan
405.056930,368.000,nan,nan
405.056968,352.000,nan,nan
405.057006,333.000,nan,nan
405.057043,316.000,nan,nan
405.057081,306.000,nan,nan
405.057118,284.000,nan,nan
405.057156,268.000,nan,nan
405.057193,256.000,nan,nan
405.057231,232.000,nan,nan
405.057269,213.000,nan,nan
405.057334,182.000,nan,nan
405.057371,166.000,nan,nan
405.057409,145.000,nan,nan
405.057446,131.000,nan,nan
405.057484,118.000,nan,nan
405.057521,97.000,nan,nan
405.057559,83.000,nan,nan
405.057596,64.000,nan,nan
405.057634,41.000,nan,nan
405.057688,26.000,nan,nan
405.057726,4.000,nan,nan
405.057764,3.000,nan,nan
405.057801,29.000,nan,nan
405.057839,37.000,nan,nan
405.057876,59.000,nan,nan
405.057914,71.000,nan,nan
405.057951,92.000,nan,nan
405.057989,113.000,nan,nan
405.058027,132.000,nan,nan
405.058064,145.000,nan,nan
405.058102,157.000,nan,nan
405.058139,175.000,nan,nan
405.058177,193.000,nan,nan
405.058214,207.000,nan,nan
405.058252,231.000,nan,nan
405.058290,250.000,nan,nan
405.058352,278.000,nan,nan
405.058390,294.000,nan,nan
405.058428,308.000,nan,nan
405.058465,327.000,nan,nan
405.058503,340.000,nan,nan
405.058540,363.000,nan,nan
405.058578,376.000,nan,nan
405.058615,399.000,nan,nan
405.058669,420.000,nan,nan
405.058707,439.000,nan,nan
405.058745,462.000,nan,nan
405.058782,479.000,nan,nan
405.058820,496.000,nan,nan
405.058858,511.000,nan,nan
405.058895,522.000,nan,nan
405.058933,543.000,nan,nan
405.058970,559.000,nan,nan
405.059008,576.000,nan,nan
405.059045,594.000,nan,nan
405.059083,615.000,nan,nan
405.059121,635.000,nan,nan
405.059158,651.000,nan,nan
405.059196,667.000,nan,nan
405.059233,685.000,nan,nan
405.059271,701.000,nan,nan
405.059308,716.000,nan,nan
405.059365,746.000,nan,nan
405.059403,764.000,nan,nan
405.059440,760.000,nan,nan
405.059478,742.000,nan,nan
405.059515,724.000,nan,nan
405.059553,706.000,nan,nan
405.059590,690.000,nan,nan
405.059628,676.000,nan,nan
405.059683,649.000,nan,nan
405.059720,633.000,nan,nan
405.059758,614.000,nan,nan
405.059795,601.000,nan,nan
405.059833,579.000,nan,nan
405.059870,561.000,nan,nan
405.059908,537.000,nan,nan
405.059946,528.000,nan,nan
405.059983,506.000,nan,nan
405.060021,488.000,nan,nan
405.060058,472.000,nan,nan
405.060096,456.000,nan,nan
405.060133,442.000,nan,nan
405.060171,427.000,nan,nan
405.060209,410.000,nan,nan
405.060246,392.000,nan,nan
405.060284,369.000,nan,nan
405.060321,353.000,nan,nan
405.060378,327.000,nan,nan
405.060416,312.000,nan,nan
405.060454,293.000,nan,nan
405.060491,276.000,nan,nan
405.060529,255.000,nan,nan
405.060566,238.000,nan,nan
405.060604,222.000,nan,nan
405.060641,204.000,nan,nan
405.060691,179.000,nan,nan
405.060729,164.000,nan,nan
405.060766,150.000,nan,nan
405.060804,134.000,nan,nan
405.060842,114.000,nan,nan
405.060879,100.000,nan,nan
405.060917,78.000,nan,nan
405.060954,60.000,nan,nan
405.060992,43.000,nan,nan
405.061029,24.000,nan,nan
405.061067,10.000,nan,nan
405.061105,0.000,nan,nan
405.061141,16.000,nan,nan
405.061179,34.000,nan,nan
405.061217,51.000,nan,nan
405.061254,67.000,nan,nan
405.061292,82.000,nan,nan
405.061329,101.000,nan,nan
405.061391,138.000,nan,nan
405.061429,154.000,nan,nan
405.061467,167.000,nan,nan
405.061504,185.000,nan,nan
405.061542,197.000,nan,nan
405.061579,218.000,nan,nan
405.061617,239.000,nan,nan
405.061654,249.000,nan,nan
405.061697,272.000,nan,nan
405.061735,289.000,nan,nan
405.061773,311.000,nan,nan
405.061810,325.000,nan,nan
405.061848,344.000,nan,nan
405.061885,361.000,nan,nan
405.061923,377.000,nan,nan
405.061960,396.000,nan,nan
405.061998,412.000,nan,nan
405.062035,428.000,nan,nan
405.062073,448.000,nan,nan
405.062111,461.000,nan,nan
405.062148,477.000,nan,nan
405.062186,499.000,nan,nan
405.062223,513.000,nan,nan
405.062261,527.000,nan,nan
405.062298,548.000,nan,nan
405.062336,582.000,nan,nan
405.062401,597.000,nan,nan
405.062439,616.000,nan,nan
405.062476,634.000,nan,nan
405.062514,650.000,nan,nan
405.062551,667.000,nan,nan
405.062589,682.000,nan,nan
405.062626,702.000,nan,nan
405.062663,730.000,nan,nan
405.062718,746.000,nan,nan
405.062756,760.000,nan,nan
405.062793,760.000,nan,nan
405.062831,743.000,nan,nan
405.062868,727.000,nan,nan
405.062906,709.000,nan,nan
405.062944,695.000,nan,nan
405.062981,676.000,nan,nan
405.063019,658.000,nan,nan
405.063056,641.000,nan,nan
405.063094,622.000,nan,nan
405.063131,602.000,nan,nan
405.063169,586.000,nan,nan
405.063206,569.000,nan,nan
405.063244,554.000,nan,nan
405.063282,540.000,nan,nan
405.063319,521.000,nan,nan
405.063385,495.000,nan,nan
405.063422,473.000,nan,nan
405.063460,455.000,nan,nan
405.063497,435.000,nan,nan
405.063535,419.000,nan,nan
405.063572,399.000,nan,nan
405.063610,382.000,nan,nan
405.063647,373.000,nan,nan
405.063701,341.000,nan,nan
405.063739,321.000,nan,nan
405.063777,310.000,nan,nan
405.063814,292.000,nan,nan
405.063852,273.000,nan,nan
405.063889,257.000,nan,nan
405.063927,235.000,nan,nan
405.063964,217.000,nan,nan
405.064002,217.000,nan,nan
405.064039,186.000,nan,nan
405.064077,168.000,nan,nan
405.064114,152.000,nan,nan
405.064152,137.000,nan,nan
405.064189,120.000,nan,nan
405.064227,99.000,nan,nan
405.064264,80.000,nan,nan
405.064302,63.000,nan,nan
405.064339,47.000,nan,nan
405.064402,37.000,nan,nan
405.064440,0.000,nan,nan
405.064477,8.000,nan,nan
405.064514,27.000,nan,nan
405.064552,43.000,nan,nan
405.064589,60.000,nan,nan
405.064627,74.000,nan,nan
405.064664,93.000,nan,nan
405.064718,119.000,nan,nan
405.064755,135.000,nan,nan
405.064793,150.000,nan,nan
405.064830,166.000,nan,nan
405.064868,186.000,nan,nan
405.064906,205.000,nan,nan
405.064943,226.000,nan,nan
405.064981,240.000,nan,nan
405.065018,259.000,nan,nan
405.065056,272.000,nan,nan
405.065093,290.000,nan,nan
405.065131,306.000,nan,nan
405.065169,322.000,nan,nan
405.065206,345.000,nan,nan
405.065244,361.000,nan,nan
405.065281,382.000,nan,nan
405.065319,395.000,nan,nan
405.065356,416.000,nan,nan
405.065416,441.000,nan,nan
